fromLib,toLib,type
ant:ant,org.apache.ant:ant,rename:upgrade
ant:ant,org.apache.ant:ant-apache-regexp,rename:upgrade
ant:ant,org.apache.ant:ant-junit,rename:upgrade
ant:ant,org.apache.ant:ant-nodeps,rename:upgrade
ant:ant,org.apache.ant:ant-trax,rename:upgrade
antlr:antlr,org.antlr:antlr-runtime,rename:undecided
aopalliance:aopalliance,com.google.inject:guice,undecided
aopalliance:aopalliance,org.springframework:spring-beans,undecided
aopalliance:aopalliance,org.springframework:spring-context,undecided
aopalliance:aopalliance,org.springframework:spring-core,undecided
args4j:args4j,net.sf.jopt-simple:jopt-simple,undecided
asm:asm,javassist:javassist,undecided
asm:asm,org.ow2.asm:asm,rename:upgrade
asm:asm,org.ow2.asm:asm-commons,rename:upgrade
asm:asm,org.ow2.asm:asm-debug-all,rename:undecided
asm:asm-all,org.apache.servicemix.bundles:org.apache.servicemix.bundles.asm,undecided
asm:asm-all,org.ow2.asm:asm,rename:upgrade
asm:asm-all,org.ow2.asm:asm-all,rename:undecided
asm:asm-all,org.ow2.asm:asm-analysis,rename:upgrade
asm:asm-all,org.ow2.asm:asm-commons,rename:upgrade
asm:asm-all,org.ow2.asm:asm-debug-all,rename:undecided
asm:asm-all,org.ow2.asm:asm-tree,rename:upgrade
asm:asm-all,org.ow2.asm:asm-util,rename:upgrade
backport-util-concurrent:backport-util-concurrent,commons-pool:commons-pool,undecided
bcel:bcel,org.apache.bcel:bcel,rename:undecided
c3p0:c3p0,com.alibaba:druid,undecided
c3p0:c3p0,com.mchange:c3p0,rename:undecided
c3p0:c3p0,com.zaxxer:HikariCP,undecided
c3p0:c3p0,commons-dbcp:commons-dbcp,undecided
c3p0:c3p0,org.hibernate:hibernate-c3p0,rename:undecided
castor:castor,org.codehaus.castor:castor,rename:undecided
cglib:cglib-nodep,org.javassist:javassist,undecided
ch.qos.logback:logback-access,org.apache.logging.log4j:log4j-api,undecided
ch.qos.logback:logback-access,org.apache.logging.log4j:log4j-core,undecided
ch.qos.logback:logback-access,org.apache.logging.log4j:log4j-jcl,undecided
ch.qos.logback:logback-access,org.apache.logging.log4j:log4j-slf4j-impl,undecided
ch.qos.logback:logback-classic,log4j:log4j,undecided
ch.qos.logback:logback-classic,org.apache.logging.log4j:log4j-api,undecided
ch.qos.logback:logback-classic,org.apache.logging.log4j:log4j-core,undecided
ch.qos.logback:logback-classic,org.apache.logging.log4j:log4j-slf4j-impl,undecided
ch.qos.logback:logback-classic,org.slf4j:jcl-over-slf4j,undecided
ch.qos.logback:logback-classic,org.slf4j:log4j-over-slf4j,undecided
ch.qos.logback:logback-classic,org.slf4j:slf4j-api,undecided
ch.qos.logback:logback-classic,org.slf4j:slf4j-jdk14,undecided
ch.qos.logback:logback-classic,org.slf4j:slf4j-log4j12,undecided
ch.qos.logback:logback-classic,org.slf4j:slf4j-nop,undecided
ch.qos.logback:logback-classic,org.slf4j:slf4j-simple,undecided
ch.qos.logback:logback-classic,org.springframework.boot:spring-boot-dependencies,undecided
ch.qos.logback:logback-classic,org.springframework.boot:spring-boot-starter-logging,undecided
ch.qos.logback:logback-core,log4j:log4j,undecided
ch.qos.logback:logback-core,org.apache.logging.log4j:log4j-api,undecided
ch.qos.logback:logback-core,org.apache.logging.log4j:log4j-core,undecided
ch.qos.logback:logback-core,org.apache.logging.log4j:log4j-slf4j-impl,undecided
ch.qos.logback:logback-core,org.slf4j:slf4j-api,undecided
ch.qos.logback:logback-core,org.slf4j:slf4j-log4j12,undecided
ch.qos.logback:logback-core,org.slf4j:slf4j-simple,undecided
ch.qos.logback:logback-core,org.springframework.boot:spring-boot-dependencies,undecided
colt:colt,org.apache.mahout:mahout-math,undecided
com.101tec:zkclient,com.github.sgroschupf:zkclient,rename:undecided
com.101tec:zkclient,org.apache.curator:curator-client,undecided
com.101tec:zkclient,org.apache.curator:curator-framework,undecided
com.101tec:zkclient,org.apache.curator:curator-recipes,undecided
com.alibaba:druid,com.zaxxer:HikariCP,undecided
com.alibaba:dubbo,com.caucho:hessian,undecided
com.alibaba:dubbo,org.apache.dubbo:dubbo,rename:upgrade
com.alibaba:fastjson,com.fasterxml.jackson.core:jackson-annotations,undecided
com.alibaba:fastjson,com.fasterxml.jackson.core:jackson-core,undecided
com.alibaba:fastjson,com.fasterxml.jackson.core:jackson-databind,undecided
com.alibaba:fastjson,net.sf.json-lib:json-lib,undecided
com.alibaba:fastjson,org.codehaus.jackson:jackson-core-asl,undecided
com.alibaba:fastjson,org.codehaus.jackson:jackson-mapper-asl,undecided
com.beust:jcommander,commons-cli:commons-cli,undecided
com.beust:jcommander,info.picocli:picocli,undecided
com.carrotsearch:hppc,it.unimi.dsi:fastutil,undecided
com.codahale.metrics:metrics-core,io.dropwizard.metrics:metrics-core,rename:upgrade
com.datastax.cassandra:cassandra-driver-core,org.hibernate:hibernate-search-engine,undecided
com.esotericsoftware.kryo:kryo,com.esotericsoftware:kryo,rename:upgrade
com.esotericsoftware.kryo:kryo,com.esotericsoftware:kryo-shaded,rename:upgrade
com.esotericsoftware:kryo,com.esotericsoftware.kryo:kryo,rename:downgrade
com.fasterxml.jackson.core:jackson-annotations,com.fasterxml.jackson.datatype:jackson-datatype-joda,rename:undecided
com.fasterxml.jackson.core:jackson-annotations,com.fasterxml.jackson.jaxrs:jackson-jaxrs-json-provider,rename:undecided
com.fasterxml.jackson.core:jackson-annotations,com.fasterxml.jackson:jackson-bom,rename:undecided
com.fasterxml.jackson.core:jackson-annotations,com.google.code.gson:gson,undecided
com.fasterxml.jackson.core:jackson-annotations,org.apache.johnzon:johnzon-jsonb,undecided
com.fasterxml.jackson.core:jackson-annotations,org.codehaus.jackson:jackson-core-asl,rename:downgrade
com.fasterxml.jackson.core:jackson-annotations,org.codehaus.jackson:jackson-jaxrs,rename:downgrade
com.fasterxml.jackson.core:jackson-annotations,org.codehaus.jackson:jackson-mapper-asl,rename:downgrade
com.fasterxml.jackson.core:jackson-annotations,org.codehaus.jackson:jackson-smile,rename:downgrade
com.fasterxml.jackson.core:jackson-annotations,org.jboss.resteasy:resteasy-jackson-provider,rename:undecided
com.fasterxml.jackson.core:jackson-annotations,org.json:json,undecided
com.fasterxml.jackson.core:jackson-annotations,org.springframework.boot:spring-boot-dependencies,undecided
com.fasterxml.jackson.core:jackson-annotations,org.springframework.boot:spring-boot-starter-json,undecided
com.fasterxml.jackson.core:jackson-core,com.alibaba:fastjson,undecided
com.fasterxml.jackson.core:jackson-core,com.fasterxml.jackson:jackson-bom,rename:undecided
com.fasterxml.jackson.core:jackson-core,com.google.code.gson:gson,undecided
com.fasterxml.jackson.core:jackson-core,org.codehaus.jackson:jackson-core-asl,rename:downgrade
com.fasterxml.jackson.core:jackson-core,org.codehaus.jackson:jackson-jaxrs,rename:downgrade
com.fasterxml.jackson.core:jackson-core,org.codehaus.jackson:jackson-mapper-asl,rename:downgrade
com.fasterxml.jackson.core:jackson-core,org.codehaus.jackson:jackson-smile,rename:downgrade
com.fasterxml.jackson.core:jackson-core,org.jboss.resteasy:resteasy-jackson-provider,rename:undecided
com.fasterxml.jackson.core:jackson-core,org.json:json,undecided
com.fasterxml.jackson.core:jackson-core,org.springframework.boot:spring-boot-dependencies,undecided
com.fasterxml.jackson.core:jackson-core,org.springframework.boot:spring-boot-starter-json,undecided
com.fasterxml.jackson.core:jackson-databind,com.alibaba:fastjson,undecided
com.fasterxml.jackson.core:jackson-databind,com.fasterxml.jackson:jackson-bom,rename:undecided
com.fasterxml.jackson.core:jackson-databind,com.google.code.gson:gson,undecided
com.fasterxml.jackson.core:jackson-databind,org.codehaus.jackson:jackson-core-asl,rename:undecided
com.fasterxml.jackson.core:jackson-databind,org.codehaus.jackson:jackson-jaxrs,rename:undecided
com.fasterxml.jackson.core:jackson-databind,org.codehaus.jackson:jackson-mapper-asl,rename:undecided
com.fasterxml.jackson.core:jackson-databind,org.codehaus.jackson:jackson-smile,rename:undecided
com.fasterxml.jackson.core:jackson-databind,org.jboss.resteasy:resteasy-jackson-provider,undecided
com.fasterxml.jackson.core:jackson-databind,org.json:json,undecided
com.fasterxml.jackson.core:jackson-databind,org.springframework.boot:spring-boot-dependencies,undecided
com.fasterxml.jackson.core:jackson-databind,org.springframework.boot:spring-boot-starter-json,undecided
com.fasterxml.jackson.dataformat:jackson-dataformat-yaml,com.fasterxml.jackson:jackson-bom,rename:undecided
com.fasterxml.jackson.dataformat:jackson-dataformat-yaml,org.yaml:snakeyaml,undecided
com.fasterxml.jackson.datatype:jackson-datatype-jdk8,com.fasterxml.jackson:jackson-bom,rename:undecided
com.fasterxml.jackson.datatype:jackson-datatype-joda,com.fasterxml.jackson:jackson-bom,rename:undecided
com.fasterxml.jackson.datatype:jackson-datatype-jsr310,com.fasterxml.jackson:jackson-bom,rename:undecided
com.fasterxml.jackson.datatype:jackson-datatype-jsr310,org.springframework.boot:spring-boot-starter-json,undecided
com.fasterxml.jackson.jaxrs:jackson-jaxrs-json-provider,com.fasterxml.jackson.module:jackson-module-jaxb-annotations,rename:undecided
com.fasterxml.jackson.jaxrs:jackson-jaxrs-json-provider,com.fasterxml.jackson:jackson-bom,rename:undecided
com.fasterxml.jackson.jaxrs:jackson-jaxrs-json-provider,org.codehaus.jackson:jackson-jaxrs,rename:downgrade
com.fasterxml.jackson.jaxrs:jackson-jaxrs-json-provider,org.jboss.resteasy:jaxrs-api,rename:undecided
com.github.ben-manes.caffeine:caffeine,javax.cache:cache-api,undecided
com.github.sgroschupf:zkclient,com.101tec:zkclient,rename:undecided
com.google.android:android-test,com.google.testing.compile:compile-testing,undecided
com.google.android:android-test,org.robolectric:robolectric,undecided
com.google.code.findbugs:annotations,com.github.spotbugs:spotbugs,undecided
com.google.code.findbugs:annotations,com.github.spotbugs:spotbugs-annotations,undecided
com.google.code.findbugs:annotations,com.github.stephenc.findbugs:findbugs-annotations,undecided
com.google.code.findbugs:annotations,net.jcip:jcip-annotations,undecided
com.google.code.findbugs:jsr305,com.github.spotbugs:spotbugs-annotations,undecided
com.google.code.findbugs:jsr305,com.github.stephenc.findbugs:findbugs-annotations,undecided
com.google.code.findbugs:jsr305,com.github.stephenc.jcip:jcip-annotations,undecided
com.google.code.findbugs:jsr305,net.jcip:jcip-annotations,undecided
com.google.code.findbugs:jsr305,org.checkerframework:checker-qual,undecided
com.google.code.findbugs:jsr305,org.jetbrains:annotations,undecided
com.google.code.gson:gson,com.alibaba:fastjson,undecided
com.google.code.gson:gson,com.fasterxml.jackson.core:jackson-annotations,undecided
com.google.code.gson:gson,com.fasterxml.jackson.core:jackson-core,undecided
com.google.code.gson:gson,com.fasterxml.jackson.core:jackson-databind,undecided
com.google.code.gson:gson,com.squareup.retrofit2:converter-gson,undecided
com.google.code.gson:gson,com.squareup.retrofit2:retrofit,undecided
com.google.code.gson:gson,net.sf.json-lib:json-lib,undecided
com.google.code.gson:gson,org.codehaus.jackson:jackson-core-asl,undecided
com.google.code.gson:gson,org.codehaus.jackson:jackson-jaxrs,undecided
com.google.code.gson:gson,org.codehaus.jackson:jackson-mapper-asl,undecided
com.google.code.gson:gson,org.jboss.resteasy:resteasy-jackson2-provider,undecided
com.google.collections:google-collections,com.google.guava:guava,undecided
com.google.guava:guava,com.github.ben-manes.caffeine:caffeine,undecided
com.google.guava:guava,com.googlecode.guava-osgi:guava-osgi,undecided
com.google.guava:guava,org.apache.commons:commons-lang3,undecided
com.google.guava:guava,org.glassfish.jersey.bundles.repackaged:jersey-guava,undecided
com.google.gwt:gwt-servlet,org.eclipse.jetty:jetty-server,undecided
com.google.gwt:gwt-servlet,org.glassfish.jersey.core:jersey-server,undecided
com.google.gwt:gwt-user,org.eclipse.jetty:jetty-server,undecided
com.google.gwt:gwt-user,org.eclipse.jetty:jetty-servlet,undecided
com.google.http-client:google-http-client,org.apache.httpcomponents:httpclient,undecided
com.google.inject.extensions:guice-assistedinject,com.google.gwt.inject:gin,undecided
com.google.inject.extensions:guice-assistedinject,com.squareup.dagger:dagger,undecided
com.google.inject.extensions:guice-assistedinject,com.squareup.dagger:dagger-compiler,undecided
com.google.inject.extensions:guice-multibindings,com.google.inject:guice,rename:undecided
com.google.inject.extensions:guice-multibindings,org.sonatype.sisu:sisu-guice,undecided
com.google.inject.extensions:guice-servlet,com.google.inject:guice,rename:undecided
com.google.inject:guice,com.github.rtyley:roboguice-sherlock,undecided
com.google.inject:guice,com.google.dagger:dagger,undecided
com.google.inject:guice,com.google.dagger:dagger-compiler,undecided
com.google.inject:guice,com.google.gwt.inject:gin,undecided
com.google.inject:guice,javax.inject:javax.inject,undecided
com.google.inject:guice,org.roboguice:roboguice,undecided
com.google.inject:guice,org.sonatype.sisu:sisu-guice,undecided
com.google.truth:truth,org.assertj:assertj-core,undecided
com.googlecode.jmockit:jmockit,org.jmockit:jmockit,rename:undecided
com.googlecode.jmockit:jmockit,org.mockito:mockito-core,undecided
com.googlecode.json-simple:json-simple,com.alibaba:fastjson,undecided
com.googlecode.json-simple:json-simple,com.cedarsoftware:json-io,undecided
com.googlecode.json-simple:json-simple,com.fasterxml.jackson.core:jackson-annotations,undecided
com.googlecode.json-simple:json-simple,com.fasterxml.jackson.core:jackson-core,undecided
com.googlecode.json-simple:json-simple,com.fasterxml.jackson.core:jackson-databind,undecided
com.googlecode.json-simple:json-simple,com.google.code.gson:gson,undecided
com.googlecode.json-simple:json-simple,com.thoughtworks.xstream:xstream,undecided
com.googlecode.json-simple:json-simple,net.minidev:json-smart,undecided
com.googlecode.json-simple:json-simple,org.json:json,undecided
com.h2database:h2,hsqldb:hsqldb,undecided
com.h2database:h2,mysql:mysql-connector-java,undecided
com.h2database:h2,net.openhft:chronicle-map,undecided
com.h2database:h2,org.hsqldb:hsqldb,undecided
com.h2database:h2,org.springframework.boot:spring-boot-dependencies,undecided
com.h2database:h2,org.xerial:sqlite-jdbc,undecided
com.h2database:h2,postgresql:postgresql,undecided
com.intellij:annotations,org.jetbrains:annotations,rename:upgrade
com.itextpdf:itextpdf,com.lowagie:itext,undecided
com.itextpdf:itextpdf,org.apache.pdfbox:pdfbox,undecided
com.jayway.awaitility:awaitility,org.awaitility:awaitility,rename:upgrade
com.jayway.jsonpath:json-path,io.rest-assured:json-path,rename:upgrade
com.jayway.jsonpath:json-path,org.springframework.boot:spring-boot-starter-json,undecided
com.jayway.restassured:rest-assured,io.rest-assured:json-path,undecided
com.jayway.restassured:rest-assured,io.rest-assured:json-schema-validator,undecided
com.jayway.restassured:rest-assured,io.rest-assured:rest-assured,rename:upgrade
com.jayway.restassured:rest-assured,org.glassfish.jersey.test-framework.providers:jersey-test-framework-provider-jetty,undecided
com.jcraft:jsch,org.jclouds.driver:jclouds-sshj,undecided
com.jolbox:bonecp,com.zaxxer:HikariCP,undecided
com.jolbox:bonecp,com.zaxxer:HikariCP-java6,undecided
com.jolbox:bonecp,org.apache.tomcat:tomcat-jdbc,undecided
com.lmax:disruptor,com.googlecode.disruptor:disruptor,rename:undecided
com.lowagie:itext,com.itextpdf:itextpdf,undecided
com.mchange:c3p0,com.zaxxer:HikariCP,undecided
com.mchange:c3p0,com.zaxxer:HikariCP-java7,undecided
com.mchange:c3p0,org.apache.commons:commons-dbcp2,undecided
com.microsoft.sqlserver:mssql-jdbc,com.h2database:h2,undecided
com.netflix.hystrix:hystrix-core,org.springframework.cloud:spring-cloud-starter-netflix-hystrix,rename:undecided
com.ning:async-http-client,io.vertx:vertx-core,undecided
com.ning:async-http-client,org.asynchttpclient:async-http-client,rename:upgrade
com.oracle:ojdbc14,postgresql:postgresql,undecided
com.rabbitmq:amqp-client,org.springframework.amqp:spring-rabbit,undecided
com.sparkjava:spark-core,org.eclipse.jetty:jetty-http,undecided
com.sparkjava:spark-core,org.eclipse.jetty:jetty-server,undecided
com.sparkjava:spark-core,org.eclipse.jetty:jetty-servlet,undecided
com.squareup.okhttp:okhttp,com.jcabi:jcabi-http,undecided
com.squareup.okhttp:okhttp,com.squareup.okhttp3:okhttp,rename:upgrade
com.squareup.okhttp:okhttp,com.squareup.okhttp3:okhttp-urlconnection,rename:upgrade
com.squareup.okhttp:okhttp,com.squareup.retrofit2:retrofit,undecided
com.squareup.okhttp3:okhttp,com.squareup.retrofit2:retrofit,undecided
com.sun.faces:jsf-api,javax.faces:jsf-api,rename:undecided
com.sun.faces:jsf-api,org.glassfish:javax.faces,rename:undecided
com.sun.faces:jsf-api,org.jboss.spec.javax.faces:jboss-jsf-api_2.0_spec,undecided
com.sun.faces:jsf-api,org.jboss.spec.javax.resource:jboss-connector-api_1.6_spec,undecided
com.sun.faces:jsf-api,org.jboss.spec.javax.ws.rs:jboss-jaxrs-api_1.1_spec,undecided
com.sun.faces:jsf-api,org.jboss.spec.javax.xml.rpc:jboss-jaxrpc-api_1.1_spec,undecided
com.sun.faces:jsf-api,org.richfaces:richfaces,undecided
com.sun.faces:jsf-impl,org.glassfish:javax.faces,rename:undecided
com.sun.faces:jsf-impl,org.jboss.spec.javax.faces:jboss-jsf-api_2.1_spec,rename:undecided
com.sun.faces:jsf-impl,org.richfaces:richfaces,undecided
com.sun.jersey.contribs:jersey-multipart,org.glassfish.jersey.media:jersey-media-multipart,rename:upgrade
com.sun.jersey.contribs:jersey-spring,org.glassfish.jersey.ext:jersey-spring3,rename:upgrade
com.sun.jersey.contribs:jersey-spring,org.glassfish.jersey.ext:jersey-spring4,rename:upgrade
com.sun.jersey.contribs:jersey-spring,org.springframework:spring-webmvc,undecided
com.sun.jersey:jersey-bundle,org.glassfish.jersey.containers:jersey-container-servlet,rename:upgrade
com.sun.jersey:jersey-bundle,org.glassfish.jersey.containers:jersey-container-servlet-core,rename:upgrade
com.sun.jersey:jersey-bundle,org.glassfish.jersey.core:jersey-client,rename:upgrade
com.sun.jersey:jersey-bundle,org.glassfish.jersey.core:jersey-common,rename:upgrade
com.sun.jersey:jersey-bundle,org.glassfish.jersey.core:jersey-server,rename:upgrade
com.sun.jersey:jersey-bundle,org.glassfish.jersey.ext:jersey-bean-validation,rename:upgrade
com.sun.jersey:jersey-bundle,org.glassfish.jersey.inject:jersey-hk2,rename:upgrade
com.sun.jersey:jersey-bundle,org.glassfish.jersey.media:jersey-media-json-jackson,rename:upgrade
com.sun.jersey:jersey-bundle,org.glassfish.jersey.media:jersey-media-multipart,rename:upgrade
com.sun.jersey:jersey-bundle,org.glassfish.jersey.test-framework.providers:jersey-test-framework-provider-grizzly2,rename:upgrade
com.sun.jersey:jersey-client,org.glassfish.jersey.core:jersey-client,rename:upgrade
com.sun.jersey:jersey-core,org.glassfish.jersey.core:jersey-client,rename:upgrade
com.sun.jersey:jersey-core,org.glassfish.jersey.core:jersey-server,rename:upgrade
com.sun.jersey:jersey-json,org.glassfish.jersey.media:jersey-media-json-jackson,rename:upgrade
com.sun.jersey:jersey-json,org.glassfish.jersey.media:jersey-media-json-jettison,rename:upgrade
com.sun.jersey:jersey-server,org.glassfish.jersey.core:jersey-server,rename:upgrade
com.sun.jersey:jersey-servlet,javax.servlet:javax.servlet-api,rename:upgrade
com.sun.jersey:jersey-servlet,org.glassfish.jersey.containers:jersey-container-servlet,rename:upgrade
com.sun.jersey:jersey-servlet,org.glassfish.jersey.containers:jersey-container-servlet-core,rename:upgrade
com.sun.xml.bind:jaxb-core,org.glassfish.jaxb:jaxb-core,rename:upgrade
com.sun.xml.bind:jaxb-core,org.glassfish.jaxb:jaxb-runtime,rename:upgrade
com.sun.xml.bind:jaxb-impl,javax.xml:jaxb-impl,rename:undecided
com.sun.xml.bind:jaxb-impl,org.glassfish.jaxb:jaxb-runtime,undecided
com.sun.xml.bind:jaxb-xjc,org.glassfish.jaxb:jaxb-xjc,undecided
com.thoughtworks.xstream:xstream,com.fasterxml.jackson.dataformat:jackson-dataformat-xml,undecided
com.thoughtworks.xstream:xstream,com.sun.xml.bind:jaxb-impl,undecided
com.thoughtworks.xstream:xstream,de.ruedigermoeller:fst,undecided
com.typesafe:config,org.yaml:snakeyaml,undecided
com.vividsolutions:jts,org.locationtech.jts:jts-core,rename:undecided
com.yammer.metrics:metrics-core,com.codahale.metrics:metrics-core,rename:upgrade
com.yammer.metrics:metrics-core,io.dropwizard.metrics:metrics-annotation,rename:upgrade
com.yammer.metrics:metrics-core,io.dropwizard.metrics:metrics-core,rename:upgrade
com.yammer.metrics:metrics-core,io.dropwizard.metrics:metrics-ganglia,rename:upgrade
com.yammer.metrics:metrics-core,io.dropwizard.metrics:metrics-jvm,rename:upgrade
com.yammer.metrics:metrics-core,io.dropwizard.metrics:metrics-servlet,rename:upgrade
com.zaxxer:HikariCP,org.springframework.boot:spring-boot-starter-jdbc,undecided
commons-cli:commons-cli,args4j:args4j,undecided
commons-cli:commons-cli,com.beust:jcommander,undecided
commons-cli:commons-cli,net.sf.jopt-simple:jopt-simple,undecided
commons-codec:commons-codec,com.google.guava:guava,undecided
commons-collections:commons-collections,com.google.guava:guava,undecided
commons-collections:commons-collections,net.sourceforge.collections:collections-generic,rename:undecided
commons-collections:commons-collections,org.apache.commons:commons-collections4,rename:undecided
commons-collections:commons-collections,org.apache.commons:commons-lang3,rename:undecided
commons-configuration:commons-configuration,org.apache.commons:commons-configuration2,rename:undecided
commons-dbcp:commons-dbcp,org.apache.commons:commons-dbcp2,rename:undecided
commons-digester:commons-digester,org.apache.commons:commons-digester3,rename:undecided
commons-httpclient:commons-httpclient,org.apache.httpcomponents:fluent-hc,rename:undecided
commons-httpclient:commons-httpclient,org.apache.httpcomponents:httpclient,rename:undecided
commons-httpclient:commons-httpclient,org.apache.httpcomponents:httpcore,rename:undecided
commons-httpclient:commons-httpclient,org.apache.httpcomponents:httpmime,rename:undecided
commons-io:commons-io,org.apache.commons:commons-io,rename:undecided
commons-lang:commons-lang,com.google.guava:guava,undecided
commons-lang:commons-lang,org.apache.commons:commons-collections4,undecided
commons-lang:commons-lang,org.apache.commons:commons-lang3,rename:undecided
commons-lang:commons-lang,org.apache.commons:commons-text,undecided
commons-logging:commons-logging,ch.qos.logback:logback-classic,undecided
commons-logging:commons-logging,ch.qos.logback:logback-core,undecided
commons-logging:commons-logging,log4j:log4j,undecided
commons-logging:commons-logging,org.apache.logging.log4j:log4j-api,undecided
commons-logging:commons-logging,org.apache.logging.log4j:log4j-core,undecided
commons-logging:commons-logging,org.ops4j.pax.logging:pax-logging-api,undecided
commons-logging:commons-logging,org.slf4j:jcl-over-slf4j,undecided
commons-logging:commons-logging,org.slf4j:log4j-over-slf4j,undecided
commons-logging:commons-logging,org.slf4j:slf4j-api,undecided
commons-logging:commons-logging,org.slf4j:slf4j-jdk14,undecided
commons-logging:commons-logging,org.slf4j:slf4j-log4j12,undecided
commons-logging:commons-logging,org.slf4j:slf4j-nop,undecided
commons-logging:commons-logging,org.slf4j:slf4j-simple,undecided
commons-logging:commons-logging-api,ch.qos.logback:logback-classic,undecided
commons-logging:commons-logging-api,org.jboss.logging:jboss-logging,undecided
commons-logging:commons-logging-api,org.jboss.logging:jboss-logging-processor,undecided
commons-logging:commons-logging-api,org.slf4j:jcl-over-slf4j,undecided
commons-logging:commons-logging-api,org.slf4j:log4j-over-slf4j,undecided
commons-logging:commons-logging-api,org.slf4j:slf4j-api,undecided
commons-logging:commons-logging-api,org.slf4j:slf4j-jdk14,undecided
commons-logging:commons-logging-api,org.slf4j:slf4j-log4j12,undecided
commons-logging:commons-logging-api,org.slf4j:slf4j-simple,undecided
commons-pool:commons-pool,org.apache.commons:commons-pool2,rename:undecided
concurrent:concurrent,backport-util-concurrent:backport-util-concurrent,rename:undecided
dom4j:dom4j,jaxen:jaxen,undecided
dom4j:dom4j,org.dom4j:dom4j,rename:undecided
dom4j:dom4j,org.jdom:jdom,undecided
dom4j:dom4j,org.jdom:jdom2,undecided
dumbster:dumbster,org.subethamail:subethasmtp-wiser,undecided
easymock:easymock,org.easymock:easymock,rename:undecided
easymock:easymock,org.easymock:easymockclassextension,rename:undecided
easymock:easymock,org.mockito:mockito-core,undecided
freemarker:freemarker,org.freemarker:freemarker,rename:upgrade
groovy:groovy-all,org.codehaus.groovy:groovy-all,rename:undecided
hsqldb:hsqldb,com.h2database:h2,undecided
hsqldb:hsqldb,org.apache.derby:derby,undecided
hsqldb:hsqldb,org.apache.derby:derbyclient,undecided
hsqldb:hsqldb,org.hsqldb:hsqldb,rename:undecided
httpunit:httpunit,net.sourceforge.htmlunit:htmlunit,undecided
httpunit:httpunit,org.apache.tomcat.embed:tomcat-embed-core,undecided
httpunit:httpunit,org.apache.tomcat.embed:tomcat-embed-logging-juli,undecided
httpunit:httpunit,org.apache.tomcat:tomcat-juli,undecided
httpunit:httpunit,org.httpunit:httpunit,rename:upgrade
httpunit:httpunit,xerces:xercesImpl,undecided
info.cukes:cucumber-java,io.cucumber:cucumber-java,rename:undecided
info.cukes:cucumber-java,io.cucumber:cucumber-java8,rename:undecided
info.cukes:cucumber-junit,io.cucumber:cucumber-junit,rename:undecided
io.dropwizard.metrics:metrics-core,com.codahale.metrics:metrics-core,rename:downgrade
io.dropwizard.metrics:metrics-core,io.micrometer:micrometer-core,undecided
io.dropwizard.metrics:metrics-graphite,io.micrometer:micrometer-core,undecided
io.dropwizard.metrics:metrics-graphite,io.micrometer:micrometer-registry-influx,undecided
io.dropwizard.metrics:metrics-graphite,io.micrometer:micrometer-registry-prometheus,undecided
io.dropwizard.metrics:metrics-graphite,io.micrometer:micrometer-spring-legacy,undecided
io.dropwizard.metrics:metrics-jvm,com.codahale.metrics:metrics-core,rename:downgrade
io.dropwizard.metrics:metrics-jvm,com.codahale.metrics:metrics-jvm,rename:downgrade
io.dropwizard.metrics:metrics-jvm,com.codahale.metrics:metrics-servlets,rename:downgrade
io.dropwizard.metrics:metrics-jvm,io.micrometer:micrometer-registry-prometheus,undecided
io.dropwizard:dropwizard-core,org.springframework.boot:spring-boot-starter-web,undecided
io.grpc:grpc-protobuf,com.google.protobuf:protobuf-java,undecided
io.netty:netty,org.asynchttpclient:async-http-client,undecided
io.netty:netty,org.jboss.netty:netty,undecided
io.netty:netty-all,org.apache.activemq:activemq-core,undecided
io.prometheus:simpleclient,io.micrometer:micrometer-registry-prometheus,undecided
io.prometheus:simpleclient,io.micrometer:micrometer-spring-legacy,undecided
io.reactivex:rxjava,io.reactivex.rxjava2:rxjava,rename:upgrade
io.reactivex:rxjava,org.reactivestreams:reactive-streams,undecided
io.rest-assured:rest-assured,com.jayway.restassured:rest-assured,rename:downgrade
io.rest-assured:rest-assured,org.springframework.boot:spring-boot-test,undecided
io.rest-assured:rest-assured,org.springframework.boot:spring-boot-test-autoconfigure,undecided
io.rest-assured:rest-assured,org.springframework:spring-test,undecided
io.springfox:springfox-swagger-ui,com.github.xiaoymin:swagger-bootstrap-ui,undecided
io.swagger:swagger-annotations,io.swagger.core.v3:swagger-annotations,rename:upgrade
io.undertow:undertow-core,org.glassfish.jersey.containers:jersey-container-grizzly2-http,undecided
io.vertx:vertx-core,io.netty:netty-all,undecided
it.unimi.dsi:fastutil,fastutil:fastutil,rename:downgrade
jasperreports:jasperreports,net.sf.jasperreports:jasperreports,rename:upgrade
javassist:javassist,asm:asm-all,undecided
javassist:javassist,org.javassist:javassist,rename:undecided
javax.activation:activation,org.apache.geronimo.specs:geronimo-activation_1.1_spec,undecided
javax.annotation:jsr250-api,org.apache.geronimo.specs:geronimo-annotation_1.0_spec,undecided
javax.annotation:jsr250-api,org.jboss.spec.javax.annotation:jboss-annotations-api_1.1_spec,undecided
javax.annotation:jsr250-api,org.jboss.spec.javax.annotation:jboss-annotations-api_1.2_spec,undecided
javax.cache:cache-api,org.springframework.boot:spring-boot-starter-cache,undecided
javax.el:el-api,org.apache.tomcat:tomcat-el-api,undecided
javax.el:el-api,org.jboss.spec.javax.el:jboss-el-api_2.2_spec,undecided
javax.el:javax.el-api,org.glassfish:javax.el,undecided
javax.el:javax.el-api,org.jboss.spec.javax.el:jboss-el-api_3.0_spec,undecided
javax.enterprise:cdi-api,javax.inject:javax.inject,undecided
javax.faces:jsf-api,com.sun.faces:jsf-api,undecided
javax.faces:jsf-api,com.sun.faces:jsf-impl,undecided
javax.faces:jsf-api,org.glassfish:javax.faces,undecided
javax.faces:jsf-api,org.jboss.spec.javax.faces:jboss-jsf-api_2.1_spec,undecided
javax.inject:javax.inject,org.apache.geronimo.specs:geronimo-atinject_1.0_spec,undecided
javax.inject:javax.inject,org.apache.servicemix.bundles:org.apache.servicemix.bundles.javax-inject,undecided
javax.json:javax.json-api,com.fasterxml.jackson.core:jackson-annotations,undecided
javax.json:javax.json-api,com.fasterxml.jackson.core:jackson-core,undecided
javax.json:javax.json-api,com.fasterxml.jackson.core:jackson-databind,undecided
javax.json:javax.json-api,com.google.code.gson:gson,undecided
javax.json:javax.json-api,javax.json.bind:javax.json.bind-api,undecided
javax.json:javax.json-api,org.glassfish:javax.json,undecided
javax.mail:javax.mail-api,com.sun.mail:javax.mail,undecided
javax.mail:mail,com.sun.mail:javax.mail,undecided
javax.mail:mail,org.apache.geronimo.specs:geronimo-activation_1.1_spec,undecided
javax.mail:mail,org.apache.geronimo.specs:geronimo-javamail_1.4_spec,undecided
javax.persistence:persistence-api,org.eclipse.persistence:javax.persistence,undecided
javax.persistence:persistence-api,org.hibernate.javax.persistence:hibernate-jpa-2.1-api,undecided
javax.persistence:persistence-api,org.hibernate:hibernate-core,undecided
javax.servlet:javax.servlet-api,org.apache.tomcat:tomcat-servlet-api,undecided
javax.servlet:jsp-api,javax.servlet.jsp:javax.servlet.jsp-api,undecided
javax.servlet:jsp-api,javax.servlet.jsp:jsp-api,undecided
javax.servlet:jsp-api,org.apache.tomcat:tomcat-jsp-api,undecided
javax.servlet:jstl,javax.servlet.jsp.jstl:javax.servlet.jsp.jstl-api,undecided
javax.servlet:jstl,javax.servlet.jsp.jstl:jstl-api,undecided
javax.servlet:jstl,jstl:jstl,undecided
javax.servlet:jstl,org.apache.taglibs:taglibs-standard-jstlel,undecided
javax.servlet:jstl,org.glassfish.web:jstl-impl,undecided
javax.servlet:jstl,org.jboss.spec.javax.servlet.jstl:jboss-jstl-api_1.2_spec,undecided
javax.servlet:servlet-api,org.eclipse.jetty.orbit:javax.servlet,undecided
javax.transaction:javax.transaction-api,org.jboss.spec.javax.transaction:jboss-transaction-api_1.1_spec,undecided
javax.transaction:javax.transaction-api,org.jboss.spec:jboss-javaee-6.0,undecided
javax.transaction:jta,org.apache.geronimo.specs:geronimo-jta_1.1_spec,undecided
javax.transaction:jta,org.jboss.spec.javax.transaction:jboss-transaction-api_1.2_spec,undecided
javax.validation:validation-api,org.hibernate:hibernate-validator,undecided
javax.websocket:javax.websocket-api,org.eclipse.jetty.websocket:javax-websocket-server-impl,undecided
javax.websocket:javax.websocket-api,org.eclipse.jetty.websocket:websocket-client,undecided
javax.ws.rs:javax.ws.rs-api,jakarta.ws.rs:jakarta.ws.rs-api,undecided
javax.ws.rs:javax.ws.rs-api,org.jboss.spec.javax.ws.rs:jboss-jaxrs-api_2.0_spec,undecided
javax.ws.rs:javax.ws.rs-api,org.jboss.spec.javax.ws.rs:jboss-jaxrs-api_2.1_spec,undecided
javax.ws.rs:jsr311-api,com.sun.jersey:jersey-core,undecided
javax.ws.rs:jsr311-api,org.jboss.spec.javax.ws.rs:jboss-jaxrs-api_1.1_spec,undecided
javax.xml.bind:jaxb-api,org.jboss.spec.javax.xml.bind:jboss-jaxb-api_2.2_spec,undecided
javax.xml.bind:jaxb-api,org.jboss.spec.javax.xml.bind:jboss-jaxb-api_2.3_spec,undecided
javax.xml.ws:jaxws-api,org.apache.geronimo.specs:geronimo-jaxws_2.1_spec,undecided
javax:javaee-api,javax.annotation:javax.annotation-api,undecided
javax:javaee-api,javax.enterprise:cdi-api,undecided
javax:javaee-api,javax.inject:javax.inject,undecided
javax:javaee-api,javax.persistence:javax.persistence-api,undecided
javax:javaee-api,org.jboss.logging:jboss-logging,undecided
javax:javaee-api,org.jboss.spec.javax.interceptor:jboss-interceptors-api_1.2_spec,undecided
javax:javaee-api,org.jboss.spec.javax.ws.rs:jboss-jaxrs-api_2.0_spec,undecided
javax:javaee-api,org.jboss.spec.javax.ws.rs:jboss-jaxrs-api_2.1_spec,undecided
javax:javaee-api,org.jboss.spec:jboss-javaee-6.0,undecided
javax:javaee-api,org.springframework:spring-context,undecided
javax:javaee-api,org.springframework:spring-web,undecided
javax:javaee-web-api,javax.servlet:javax.servlet-api,undecided
jaxen:jaxen,com.sun.xml.stream.buffer:streambuffer,undecided
jaxen:jaxen,jdom:jdom,undecided
jaxen:jaxen,org.jdom:jdom,undecided
jaxen:jaxen,org.jvnet.staxex:stax-ex,undecided
jboss:javassist,javassist:javassist,rename:undecided
jboss:javassist,org.hibernate:hibernate-c3p0,undecided
jdom:jdom,org.jdom:jdom,rename:undecided
jdom:jdom,org.jdom:jdom2,rename:undecided
jfree:jfreechart,org.jfree:jfreechart,rename:upgrade
jline:jline,org.fusesource.jansi:jansi,undecided
jline:jline,org.jline:jline,rename:undecided
jline:jline,org.sonatype.jline:jline,rename:undecided
jmock:jmock,org.hamcrest:hamcrest-core,undecided
jmock:jmock,org.jmock:jmock,rename:undecided
jmock:jmock,org.jmock:jmock-junit3,rename:undecided
jmock:jmock,org.jmock:jmock-junit4,rename:undecided
jmock:jmock,org.jmock:jmock-legacy,rename:undecided
jmock:jmock,org.mockito:mockito-core,undecided
joda-time:joda-time,org.threeten:threetenbp,undecided
jstl:jstl,javax.servlet:jstl,rename:undecided
junit:junit,org.junit.jupiter:junit-jupiter,rename:undecided
junit:junit,org.junit.jupiter:junit-jupiter-api,rename:undecided
junit:junit,org.junit.jupiter:junit-jupiter-engine,rename:undecided
junit:junit,org.junit.jupiter:junit-jupiter-migrationsupport,rename:undecided
junit:junit,org.junit.jupiter:junit-jupiter-params,rename:undecided
junit:junit,org.junit.platform:junit-platform-launcher,rename:undecided
junit:junit,org.junit.platform:junit-platform-runner,rename:undecided
junit:junit,org.junit.platform:junit-platform-surefire-provider,rename:undecided
junit:junit,org.junit.vintage:junit-vintage-engine,rename:undecided
junit:junit,org.mockito:mockito-core,undecided
junit:junit,org.mockito:mockito-junit-jupiter,undecided
junit:junit,org.springframework.boot:spring-boot-starter-test,undecided
junit:junit,org.springframework.boot:spring-boot-starter-web,undecided
junit:junit,org.testng:testng,undecided
log4j:log4j,ch.qos.logback:logback-classic,undecided
log4j:log4j,ch.qos.logback:logback-core,undecided
log4j:log4j,commons-logging:commons-logging,undecided
log4j:log4j,commons-logging:commons-logging-api,undecided
log4j:log4j,org.apache.logging.log4j:log4j-1.2-api,rename:upgrade
log4j:log4j,org.apache.logging.log4j:log4j-api,rename:upgrade
log4j:log4j,org.apache.logging.log4j:log4j-core,rename:upgrade
log4j:log4j,org.apache.logging.log4j:log4j-jcl,rename:upgrade
log4j:log4j,org.apache.logging.log4j:log4j-slf4j-impl,rename:upgrade
log4j:log4j,org.slf4j:jcl-over-slf4j,undecided
log4j:log4j,org.slf4j:log4j-over-slf4j,undecided
log4j:log4j,org.slf4j:slf4j-api,undecided
log4j:log4j,org.slf4j:slf4j-ext,undecided
log4j:log4j,org.slf4j:slf4j-jcl,undecided
log4j:log4j,org.slf4j:slf4j-jdk14,undecided
log4j:log4j,org.slf4j:slf4j-log4j12,undecided
log4j:log4j,org.slf4j:slf4j-nop,undecided
log4j:log4j,org.slf4j:slf4j-simple,undecided
mockit:jmockit,com.googlecode.jmockit:jmockit,rename:undecided
mockobjects:mockobjects-core,jmock:jmock,undecided
mockobjects:mockobjects-core,org.mockito:mockito-all,undecided
mockobjects:mockobjects-core,org.quartz-scheduler:quartz,undecided
mysql:mysql-connector-java,org.xerial:sqlite-jdbc,undecided
nekohtml:nekohtml,net.sourceforge.nekohtml:nekohtml,rename:upgrade
net.htmlparser.jericho:jericho-html,net.sourceforge.htmlunit:htmlunit,undecided
net.jcip:jcip-annotations,com.github.stephenc.jcip:jcip-annotations,rename:undecided
net.minidev:json-smart,com.alibaba:fastjson,undecided
net.minidev:json-smart,com.fasterxml.jackson.core:jackson-databind,undecided
net.sf.ehcache:ehcache,org.ehcache:ehcache,rename:upgrade
net.sf.ehcache:ehcache-core,org.ehcache:ehcache,rename:upgrade
net.sf.ehcache:ehcache-core,org.hibernate:hibernate-ehcache,undecided
net.sf.flexjson:flexjson,com.google.code.gson:gson,undecided
net.sf.json-lib:json-lib,com.fasterxml.jackson.core:jackson-annotations,undecided
net.sf.json-lib:json-lib,com.fasterxml.jackson.core:jackson-core,undecided
net.sf.json-lib:json-lib,com.fasterxml.jackson.core:jackson-databind,undecided
net.sf.json-lib:json-lib,com.google.code.gson:gson,undecided
net.sf.json-lib:json-lib,org.codehaus.jackson:jackson-core-asl,undecided
net.sf.json-lib:json-lib,org.codehaus.jackson:jackson-mapper-asl,undecided
net.sf.json-lib:json-lib,org.json:json,undecided
net.sf.opencsv:opencsv,au.com.bytecode:opencsv,undecided
net.sf.opencsv:opencsv,com.opencsv:opencsv,rename:undecided
net.sf.opencsv:opencsv,org.apache.commons:commons-csv,undecided
net.sf.saxon:saxon,net.sourceforge.saxon:saxon,rename:undecided
net.sf.trove4j:trove4j,com.carrotsearch:hppc,undecided
net.sf.trove4j:trove4j,it.unimi.dsi:fastutil,undecided
net.sourceforge.collections:collections-generic,com.google.collections:google-collections,undecided
net.sourceforge.collections:collections-generic,com.google.guava:guava,undecided
net.sourceforge.nekohtml:nekohtml,nu.validator.htmlparser:htmlparser,undecided
net.sourceforge.saxon:saxon,net.sf.saxon:Saxon-HE,undecided
oauth.signpost:signpost-core,org.apache.httpcomponents:httpmime,undecided
org.antlr:antlr-runtime,org.antlr:antlr4-runtime,rename:undecided
org.apache.activemq:activemq-broker,org.hornetq:hornetq-jms-server,undecided
org.apache.activemq:activemq-client,org.apache.geronimo.specs:geronimo-jms_1.1_spec,undecided
org.apache.ant:ant,ant:ant,rename:downgrade
org.apache.ant:ant,org.codehaus.plexus:plexus-utils,undecided
org.apache.commons:commons-collections4,com.google.guava:guava,undecided
org.apache.commons:commons-dbcp2,com.mchange:c3p0,undecided
org.apache.commons:commons-dbcp2,com.zaxxer:HikariCP,undecided
org.apache.commons:commons-dbcp2,com.zaxxer:HikariCP-java7,undecided
org.apache.commons:commons-dbcp2,commons-dbcp:commons-dbcp,rename:undecided
org.apache.commons:commons-io,commons-io:commons-io,rename:undecided
org.apache.commons:commons-lang3,commons-lang:commons-lang,rename:undecided
org.apache.commons:commons-math,commons-lang:commons-lang,rename:undecided
org.apache.derby:derby,com.h2database:h2,undecided
org.apache.derby:derby,hsqldb:hsqldb,undecided
org.apache.derby:derby,org.hsqldb:hsqldb,undecided
org.apache.derby:derbyclient,com.h2database:h2,undecided
org.apache.derby:derbyclient,org.apache.geronimo.specs:geronimo-ws-metadata_2.0_spec,undecided
org.apache.geronimo.specs:geronimo-atinject_1.0_spec,javax.inject:javax.inject,undecided
org.apache.geronimo.specs:geronimo-atinject_1.0_spec,javax.interceptor:javax.interceptor-api,undecided
org.apache.geronimo.specs:geronimo-atinject_1.0_spec,javax:javaee-api,undecided
org.apache.geronimo.specs:geronimo-jms_1.1_spec,javax:javaee-api,undecided
org.apache.geronimo.specs:geronimo-jms_1.1_spec,org.apache.openejb:javaee-api,undecided
org.apache.geronimo.specs:geronimo-jta_1.1_spec,javax.ejb:javax.ejb-api,undecided
org.apache.geronimo.specs:geronimo-jta_1.1_spec,javax.transaction:javax.transaction-api,undecided
org.apache.geronimo.specs:geronimo-jta_1.1_spec,javax:javaee-api,undecided
org.apache.httpcomponents:httpclient,com.networknt:client,undecided
org.apache.httpcomponents:httpclient,com.squareup.okhttp3:okhttp,undecided
org.apache.httpcomponents:httpclient,commons-httpclient:commons-httpclient,rename:undecided
org.apache.httpcomponents:httpcore,com.squareup.okhttp3:okhttp,undecided
org.apache.httpcomponents:httpcore,commons-httpclient:commons-httpclient,rename:undecided
org.apache.httpcomponents:httpcore,org.eclipse.jetty:jetty-io,undecided
org.apache.httpcomponents:httpcore-nio,io.netty:netty,undecided
org.apache.httpcomponents:httpmime,com.squareup.okhttp:okhttp,undecided
org.apache.httpcomponents:httpmime,com.squareup.okhttp3:okhttp,undecided
org.apache.httpcomponents:httpmime,org.eclipse.jetty:jetty-io,undecided
org.apache.kafka:kafka_2.10,org.springframework.kafka:spring-kafka,undecided
org.apache.kafka:kafka_2.11,org.springframework.kafka:spring-kafka,undecided
org.apache.logging.log4j:log4j-1.2-api,log4j:apache-log4j-extras,rename:downgrade
org.apache.logging.log4j:log4j-1.2-api,log4j:log4j,rename:downgrade
org.apache.logging.log4j:log4j-1.2-api,org.slf4j:jcl-over-slf4j,undecided
org.apache.logging.log4j:log4j-1.2-api,org.slf4j:log4j-over-slf4j,undecided
org.apache.logging.log4j:log4j-1.2-api,org.slf4j:slf4j-log4j12,undecided
org.apache.logging.log4j:log4j-api,ch.qos.logback:logback-classic,undecided
org.apache.logging.log4j:log4j-api,ch.qos.logback:logback-core,undecided
org.apache.logging.log4j:log4j-api,log4j:log4j,rename:downgrade
org.apache.logging.log4j:log4j-api,org.slf4j:jcl-over-slf4j,undecided
org.apache.logging.log4j:log4j-api,org.slf4j:log4j-over-slf4j,undecided
org.apache.logging.log4j:log4j-api,org.slf4j:slf4j-api,undecided
org.apache.logging.log4j:log4j-api,org.slf4j:slf4j-log4j12,undecided
org.apache.logging.log4j:log4j-api,org.slf4j:slf4j-simple,undecided
org.apache.logging.log4j:log4j-core,ch.qos.logback:logback-classic,undecided
org.apache.logging.log4j:log4j-core,ch.qos.logback:logback-core,undecided
org.apache.logging.log4j:log4j-core,log4j:log4j,rename:downgrade
org.apache.logging.log4j:log4j-core,org.slf4j:jcl-over-slf4j,undecided
org.apache.logging.log4j:log4j-core,org.slf4j:log4j-over-slf4j,undecided
org.apache.logging.log4j:log4j-core,org.slf4j:slf4j-api,undecided
org.apache.logging.log4j:log4j-core,org.slf4j:slf4j-log4j12,undecided
org.apache.logging.log4j:log4j-core,org.slf4j:slf4j-simple,undecided
org.apache.logging.log4j:log4j-jcl,log4j:apache-log4j-extras,rename:downgrade
org.apache.logging.log4j:log4j-jcl,log4j:log4j,rename:downgrade
org.apache.logging.log4j:log4j-jcl,org.slf4j:jcl-over-slf4j,undecided
org.apache.logging.log4j:log4j-jcl,org.slf4j:jul-to-slf4j,undecided
org.apache.logging.log4j:log4j-jcl,org.slf4j:slf4j-log4j12,undecided
org.apache.logging.log4j:log4j-slf4j-impl,ch.qos.logback:logback-classic,undecided
org.apache.logging.log4j:log4j-slf4j-impl,ch.qos.logback:logback-core,undecided
org.apache.logging.log4j:log4j-slf4j-impl,log4j:log4j,rename:downgrade
org.apache.logging.log4j:log4j-slf4j-impl,org.slf4j:jcl-over-slf4j,undecided
org.apache.logging.log4j:log4j-slf4j-impl,org.slf4j:log4j-over-slf4j,undecided
org.apache.logging.log4j:log4j-slf4j-impl,org.slf4j:slf4j-api,undecided
org.apache.logging.log4j:log4j-slf4j-impl,org.slf4j:slf4j-jdk14,undecided
org.apache.logging.log4j:log4j-slf4j-impl,org.slf4j:slf4j-log4j12,undecided
org.apache.lucene:lucene-core,org.apache.solr:solr,undecided
org.apache.lucene:lucene-core,org.elasticsearch:elasticsearch,undecided
org.apache.mahout:mahout-core,com.tdunning:t-digest,undecided
org.apache.maven.surefire:surefire-junit47,junit:junit,undecided
org.apache.maven.surefire:surefire-junit47,org.junit.jupiter:junit-jupiter,undecided
org.apache.maven.surefire:surefire-junit47,org.junit.jupiter:junit-jupiter-api,undecided
org.apache.maven.surefire:surefire-junit47,org.junit.jupiter:junit-jupiter-engine,undecided
org.apache.maven.surefire:surefire-junit47,org.junit.jupiter:junit-jupiter-migrationsupport,undecided
org.apache.maven.surefire:surefire-junit47,org.junit.jupiter:junit-jupiter-params,undecided
org.apache.maven.surefire:surefire-junit47,org.junit.platform:junit-platform-surefire-provider,undecided
org.apache.maven.surefire:surefire-junit47,org.junit.vintage:junit-vintage-engine,undecided
org.apache.maven.surefire:surefire-junit47,org.mockito:mockito-junit-jupiter,undecided
org.apache.maven:maven-aether-provider,org.apache.maven.resolver:maven-resolver-api,rename:downgrade
org.apache.maven:maven-aether-provider,org.apache.maven.resolver:maven-resolver-connector-basic,rename:downgrade
org.apache.maven:maven-aether-provider,org.apache.maven.resolver:maven-resolver-spi,rename:downgrade
org.apache.maven:maven-aether-provider,org.apache.maven.resolver:maven-resolver-transport-file,rename:downgrade
org.apache.maven:maven-aether-provider,org.apache.maven.resolver:maven-resolver-transport-http,rename:downgrade
org.apache.maven:maven-aether-provider,org.apache.maven.resolver:maven-resolver-util,rename:downgrade
org.apache.solr:solr-core,org.elasticsearch:elasticsearch,undecided
org.apache.solr:solr-solrj,org.elasticsearch:elasticsearch,undecided
org.apache.tomcat.embed:tomcat-embed-core,org.eclipse.jetty:jetty-plus,undecided
org.apache.tomcat.embed:tomcat-embed-core,org.eclipse.jetty:jetty-server,undecided
org.apache.tomcat.embed:tomcat-embed-core,org.eclipse.jetty:jetty-webapp,undecided
org.apache.tomcat.embed:tomcat-embed-jasper,org.eclipse.jetty:jetty-plus,undecided
org.apache.tomcat.embed:tomcat-embed-jasper,org.eclipse.jetty:jetty-server,undecided
org.apache.tomcat.embed:tomcat-embed-jasper,org.eclipse.jetty:jetty-webapp,undecided
org.apache.tomcat.embed:tomcat-embed-logging-juli,org.apache.tomcat:tomcat-juli,rename:undecided
org.apache.tomcat.embed:tomcat-embed-logging-juli,org.eclipse.jetty:jetty-plus,undecided
org.apache.tomcat.embed:tomcat-embed-logging-juli,org.eclipse.jetty:jetty-server,undecided
org.apache.tomcat.embed:tomcat-embed-logging-juli,org.eclipse.jetty:jetty-webapp,undecided
org.apache.tomcat:tomcat-catalina,org.eclipse.jetty:jetty-servlet,undecided
org.apache.tomcat:tomcat-servlet-api,javax.servlet.jsp:javax.servlet.jsp-api,undecided
org.apache.tomcat:tomcat-servlet-api,javax.servlet:javax.servlet-api,undecided
org.apache.velocity:velocity,org.mvel:mvel2,undecided
org.apache.xmlbeans:xmlbeans,com.sun.xml.bind:jaxb-impl,undecided
org.apache.xmlbeans:xmlbeans,javax.xml.bind:jaxb-api,undecided
org.apache.xmlbeans:xmlbeans,org.codehaus.groovy:groovy,undecided
org.apache.xmlbeans:xmlbeans,org.codehaus.groovy:groovy-templates,undecided
org.codehaus.jackson:jackson-core-asl,com.fasterxml.jackson.core:jackson-annotations,rename:upgrade
org.codehaus.jackson:jackson-core-asl,com.fasterxml.jackson.core:jackson-core,rename:upgrade
org.codehaus.jackson:jackson-core-asl,com.fasterxml.jackson.core:jackson-databind,rename:undecided
org.codehaus.jackson:jackson-core-asl,com.fasterxml.jackson.dataformat:jackson-dataformat-smile,rename:upgrade
org.codehaus.jackson:jackson-core-asl,com.fasterxml.jackson.datatype:jackson-datatype-guava,rename:upgrade
org.codehaus.jackson:jackson-core-asl,com.fasterxml.jackson.datatype:jackson-datatype-joda,rename:upgrade
org.codehaus.jackson:jackson-core-asl,com.fasterxml.jackson.datatype:jackson-datatype-json-org,rename:upgrade
org.codehaus.jackson:jackson-core-asl,com.fasterxml.jackson.jaxrs:jackson-jaxrs-base,rename:upgrade
org.codehaus.jackson:jackson-core-asl,com.fasterxml.jackson.jaxrs:jackson-jaxrs-json-provider,rename:upgrade
org.codehaus.jackson:jackson-core-asl,com.fasterxml.jackson.jaxrs:jackson-jaxrs-xml-provider,rename:upgrade
org.codehaus.jackson:jackson-core-asl,com.fasterxml.jackson.module:jackson-module-jaxb-annotations,rename:upgrade
org.codehaus.jackson:jackson-core-asl,com.fasterxml.jackson:jackson-bom,rename:undecided
org.codehaus.jackson:jackson-core-asl,com.google.code.gson:gson,undecided
org.codehaus.jackson:jackson-core-asl,org.jboss.resteasy:resteasy-jackson2-provider,undecided
org.codehaus.jackson:jackson-jaxrs,com.fasterxml.jackson.core:jackson-annotations,rename:upgrade
org.codehaus.jackson:jackson-jaxrs,com.fasterxml.jackson.core:jackson-core,rename:upgrade
org.codehaus.jackson:jackson-jaxrs,com.fasterxml.jackson.core:jackson-databind,rename:undecided
org.codehaus.jackson:jackson-jaxrs,com.fasterxml.jackson.dataformat:jackson-dataformat-smile,rename:upgrade
org.codehaus.jackson:jackson-jaxrs,com.fasterxml.jackson.datatype:jackson-datatype-guava,rename:upgrade
org.codehaus.jackson:jackson-jaxrs,com.fasterxml.jackson.datatype:jackson-datatype-joda,rename:upgrade
org.codehaus.jackson:jackson-jaxrs,com.fasterxml.jackson.jaxrs:jackson-jaxrs-base,rename:upgrade
org.codehaus.jackson:jackson-jaxrs,com.fasterxml.jackson.jaxrs:jackson-jaxrs-json-provider,rename:upgrade
org.codehaus.jackson:jackson-jaxrs,com.fasterxml.jackson.jaxrs:jackson-jaxrs-xml-provider,rename:upgrade
org.codehaus.jackson:jackson-jaxrs,com.fasterxml.jackson.module:jackson-module-jaxb-annotations,rename:upgrade
org.codehaus.jackson:jackson-jaxrs,com.google.code.gson:gson,undecided
org.codehaus.jackson:jackson-jaxrs,org.jboss.resteasy:resteasy-jackson2-provider,undecided
org.codehaus.jackson:jackson-mapper-asl,com.fasterxml.jackson.core:jackson-annotations,rename:upgrade
org.codehaus.jackson:jackson-mapper-asl,com.fasterxml.jackson.core:jackson-core,rename:upgrade
org.codehaus.jackson:jackson-mapper-asl,com.fasterxml.jackson.core:jackson-databind,rename:undecided
org.codehaus.jackson:jackson-mapper-asl,com.fasterxml.jackson.dataformat:jackson-dataformat-smile,rename:upgrade
org.codehaus.jackson:jackson-mapper-asl,com.fasterxml.jackson.dataformat:jackson-dataformat-xml,rename:upgrade
org.codehaus.jackson:jackson-mapper-asl,com.fasterxml.jackson.datatype:jackson-datatype-guava,rename:upgrade
org.codehaus.jackson:jackson-mapper-asl,com.fasterxml.jackson.datatype:jackson-datatype-joda,rename:upgrade
org.codehaus.jackson:jackson-mapper-asl,com.fasterxml.jackson.jaxrs:jackson-jaxrs-base,rename:upgrade
org.codehaus.jackson:jackson-mapper-asl,com.fasterxml.jackson.jaxrs:jackson-jaxrs-json-provider,rename:upgrade
org.codehaus.jackson:jackson-mapper-asl,com.fasterxml.jackson.module:jackson-module-jaxb-annotations,rename:upgrade
org.codehaus.jackson:jackson-mapper-asl,com.fasterxml.jackson:jackson-bom,rename:undecided
org.codehaus.jackson:jackson-mapper-asl,com.google.code.gson:gson,undecided
org.codehaus.jackson:jackson-mapper-asl,org.jboss.resteasy:resteasy-jackson2-provider,undecided
org.codehaus.jackson:jackson-mapper-asl,org.json:json,undecided
org.codehaus.jackson:jackson-xc,com.fasterxml.jackson.core:jackson-annotations,rename:upgrade
org.codehaus.jackson:jackson-xc,com.fasterxml.jackson.core:jackson-core,rename:upgrade
org.codehaus.jackson:jackson-xc,com.fasterxml.jackson.core:jackson-databind,rename:undecided
org.codehaus.jackson:jackson-xc,com.fasterxml.jackson.dataformat:jackson-dataformat-smile,rename:upgrade
org.codehaus.jackson:jackson-xc,com.fasterxml.jackson.datatype:jackson-datatype-guava,rename:upgrade
org.codehaus.jackson:jackson-xc,com.fasterxml.jackson.datatype:jackson-datatype-joda,rename:upgrade
org.codehaus.jackson:jackson-xc,com.fasterxml.jackson.jaxrs:jackson-jaxrs-base,rename:upgrade
org.codehaus.jackson:jackson-xc,com.fasterxml.jackson.jaxrs:jackson-jaxrs-json-provider,rename:upgrade
org.codehaus.jackson:jackson-xc,com.fasterxml.jackson.jaxrs:jackson-jaxrs-xml-provider,rename:upgrade
org.codehaus.jackson:jackson-xc,com.fasterxml.jackson.module:jackson-module-jaxb-annotations,rename:upgrade
org.codehaus.jackson:jackson-xc,org.jboss.resteasy:resteasy-jackson2-provider,undecided
org.codehaus.jettison:jettison,com.cedarsoftware:json-io,undecided
org.codehaus.jettison:jettison,com.fasterxml.jackson.core:jackson-databind,undecided
org.codehaus.jettison:jettison,javax.json:javax.json-api,undecided
org.codehaus.jettison:jettison,net.sf.json-lib:json-lib,undecided
org.codehaus.jettison:jettison,org.glassfish.jersey.media:jersey-media-json-jackson,undecided
org.codehaus.jettison:jettison,org.json:json,undecided
org.codehaus.plexus:plexus-utils,commons-io:commons-io,undecided
org.codehaus.plexus:plexus-utils,org.apache.commons:commons-lang3,undecided
org.codehaus.woodstox:woodstox-core-asl,com.fasterxml.woodstox:woodstox-core,rename:upgrade
org.codehaus.woodstox:wstx-asl,com.fasterxml.woodstox:woodstox-core,rename:upgrade
org.dom4j:dom4j,org.xmlunit:xmlunit-matchers,undecided
org.easymock:easymock,org.mockito:mockito-all,undecided
org.easymock:easymock,org.mockito:mockito-core,undecided
org.easymock:easymock,org.powermock:powermock-api-mockito,undecided
org.easymock:easymockclassextension,org.mockito:mockito-all,undecided
org.easymock:easymockclassextension,org.mockito:mockito-core,undecided
org.easytesting:fest-assert,org.assertj:assertj-core,undecided
org.easytesting:fest-assert-core,org.assertj:assertj-core,undecided
org.eclipse.aether:aether-api,org.apache.maven.resolver:maven-resolver-api,rename:undecided
org.eclipse.jdt.core.compiler:ecj,org.eclipse.jdt:ecj,rename:undecided
org.eclipse.jetty:jetty-annotations,org.eclipse.jetty.websocket:websocket-server,undecided
org.eclipse.jetty:jetty-client,org.apache.httpcomponents:httpclient,undecided
org.eclipse.jetty:jetty-client,org.apache.httpcomponents:httpclient-osgi,undecided
org.eclipse.jetty:jetty-http,org.apache.httpcomponents:httpclient,undecided
org.eclipse.jetty:jetty-http,org.apache.tomcat.embed:tomcat-embed-core,undecided
org.eclipse.jetty:jetty-http,org.eclipse.jetty.aggregate:jetty-all,rename:undecided
org.eclipse.jetty:jetty-http,org.mortbay.jetty:jetty,rename:undecided
org.eclipse.jetty:jetty-jsp,org.mortbay.jetty:jsp-2.1,rename:undecided
org.eclipse.jetty:jetty-jsp,org.mortbay.jetty:jsp-api-2.1,rename:undecided
org.eclipse.jetty:jetty-server,org.apache.tomcat.embed:tomcat-embed-core,undecided
org.eclipse.jetty:jetty-server,org.eclipse.jetty.aggregate:jetty-all,rename:undecided
org.eclipse.jetty:jetty-server,org.mortbay.jetty:jetty,rename:undecided
org.eclipse.jetty:jetty-servlet,javax.servlet:javax.servlet-api,undecided
org.eclipse.jetty:jetty-servlet,org.mortbay.jetty:jetty,rename:undecided
org.eclipse.jetty:jetty-servlet,org.mortbay.jetty:servlet-api-2.5,rename:undecided
org.eclipse.jetty:jetty-servlets,org.jboss.spec.javax.servlet:jboss-servlet-api_3.1_spec,undecided
org.eclipse.jetty:jetty-servlets,org.mortbay.jetty:jetty,rename:undecided
org.eclipse.jetty:jetty-util,org.mortbay.jetty:jetty-util,rename:undecided
org.eclipse.jetty:jetty-webapp,org.apache.tomcat.embed:tomcat-embed-core,undecided
org.eclipse.jetty:jetty-webapp,org.mortbay.jetty:jetty,rename:undecided
org.eclipse.persistence:eclipselink,org.hibernate.javax.persistence:hibernate-jpa-2.1-api,undecided
org.ehcache:ehcache,com.github.ben-manes.caffeine:caffeine,undecided
org.ehcache:ehcache,javax.cache:cache-api,undecided
org.ehcache:ehcache,net.sf.ehcache:ehcache,rename:downgrade
org.elasticsearch:elasticsearch,org.apache.lucene:lucene-core,undecided
org.elasticsearch:elasticsearch,org.elasticsearch.client:elasticsearch-rest-high-level-client,rename:undecided
org.elasticsearch:elasticsearch,org.elasticsearch.client:rest,undecided
org.elasticsearch:elasticsearch,org.elasticsearch.client:transport,undecided
org.elasticsearch:elasticsearch,org.springframework.boot:spring-boot-starter-data-elasticsearch,undecided
org.elasticsearch:elasticsearch,org.springframework.boot:spring-boot-starter-web,undecided
org.flywaydb:flyway-core,org.liquibase:liquibase-core,undecided
org.freemarker:freemarker,com.github.spullara.mustache.java:compiler,undecided
org.freemarker:freemarker,org.apache.velocity:velocity,undecided
org.fusesource.jansi:jansi,org.apache.karaf.shell:org.apache.karaf.shell.console,undecided
org.glassfish.jaxb:jaxb-runtime,com.sun.xml.bind:jaxb-core,undecided
org.glassfish.jaxb:jaxb-runtime,com.sun.xml.bind:jaxb-impl,undecided
org.glassfish.jersey.containers:jersey-container-servlet,org.glassfish.jersey.core:jersey-common,rename:undecided
org.glassfish.jersey.containers:jersey-container-servlet,org.jboss.resteasy:jaxrs-api,undecided
org.glassfish.jersey.containers:jersey-container-servlet,org.jboss.resteasy:resteasy-jaxrs,undecided
org.glassfish.jersey.containers:jersey-container-servlet-core,org.jboss.resteasy:resteasy-jaxrs,undecided
org.glassfish.jersey.core:jersey-client,com.sun.jersey:jersey-client,rename:downgrade
org.glassfish.jersey.core:jersey-client,org.apache.httpcomponents:httpclient,undecided
org.glassfish.jersey.core:jersey-client,org.jboss.resteasy:resteasy-client,undecided
org.glassfish.jersey.core:jersey-client,org.jboss.resteasy:resteasy-jackson2-provider,undecided
org.glassfish.jersey.core:jersey-client,org.jboss.resteasy:resteasy-jaxrs,undecided
org.glassfish.jersey.core:jersey-common,org.jboss.resteasy:resteasy-jaxrs,undecided
org.glassfish.jersey.core:jersey-server,com.sun.jersey:jersey-server,rename:downgrade
org.glassfish.jersey.core:jersey-server,javax:javaee-api,undecided
org.glassfish.jersey.core:jersey-server,org.jboss.resteasy:resteasy-guice,undecided
org.glassfish.jersey.core:jersey-server,org.jboss.resteasy:resteasy-jaxrs,undecided
org.glassfish.jersey.core:jersey-server,org.jboss.resteasy:resteasy-netty4,undecided
org.glassfish.jersey.inject:jersey-hk2,com.fasterxml.jackson.dataformat:jackson-dataformat-cbor,undecided
org.glassfish.jersey.inject:jersey-hk2,javax.ws.rs:javax.ws.rs-api,undecided
org.glassfish.jersey.inject:jersey-hk2,org.springframework.boot:spring-boot-devtools,undecided
org.glassfish.jersey.inject:jersey-hk2,org.springframework.boot:spring-boot-starter-data-mongodb,undecided
org.glassfish.jersey.inject:jersey-hk2,org.springframework.boot:spring-boot-starter-log4j2,undecided
org.glassfish.jersey.inject:jersey-hk2,org.springframework.boot:spring-boot-starter-test,undecided
org.glassfish.jersey.inject:jersey-hk2,org.springframework.boot:spring-boot-starter-tomcat,undecided
org.glassfish.jersey.inject:jersey-hk2,org.springframework.boot:spring-boot-starter-web,undecided
org.glassfish.jersey.media:jersey-media-json-jackson,com.fasterxml.jackson.core:jackson-core,undecided
org.glassfish.jersey.media:jersey-media-json-jackson,com.fasterxml.jackson.jaxrs:jackson-jaxrs-json-provider,undecided
org.glassfish.jersey.media:jersey-media-json-jackson,org.glassfish.jersey.core:jersey-common,undecided
org.glassfish.jersey.media:jersey-media-json-jackson,org.jboss.resteasy:resteasy-jackson2-provider,undecided
org.glassfish.jersey.media:jersey-media-json-jackson,org.jboss.resteasy:resteasy-jaxrs,undecided
org.glassfish.web:el-impl,javax.el:javax.el-api,undecided
org.glassfish.web:el-impl,org.glassfish:javax.el,undecided
org.glassfish:javax.el,jakarta.ws.rs:jakarta.ws.rs-api,undecided
org.glassfish:javax.el,javax.el:javax.el-api,undecided
org.glassfish:javax.json,com.fasterxml.jackson.core:jackson-core,undecided
org.glassfish:javax.json,jakarta.ws.rs:jakarta.ws.rs-api,undecided
org.glassfish:javax.json,javax.json:javax.json-api,undecided
org.hamcrest:hamcrest-all,junit:junit-dep,undecided
org.hamcrest:hamcrest-all,org.assertj:assertj-core,undecided
org.hamcrest:hamcrest-all,org.easytesting:fest-assert,undecided
org.hamcrest:hamcrest-all,org.hamcrest:hamcrest-core,rename:undecided
org.hamcrest:hamcrest-all,org.hamcrest:hamcrest-integration,rename:undecided
org.hamcrest:hamcrest-all,org.hamcrest:hamcrest-library,rename:undecided
org.hamcrest:hamcrest-all,org.hamcrest:java-hamcrest,rename:undecided
org.hamcrest:hamcrest-all,org.mockito:mockito-core,undecided
org.hamcrest:hamcrest-all,org.springframework.boot:spring-boot-starter,undecided
org.hamcrest:hamcrest-all,org.springframework.boot:spring-boot-starter-test,undecided
org.hamcrest:hamcrest-core,org.assertj:assertj-core,undecided
org.hamcrest:hamcrest-core,org.easytesting:fest-assert-core,undecided
org.hamcrest:hamcrest-core,org.junit.jupiter:junit-jupiter-api,undecided
org.hamcrest:hamcrest-core,org.junit.jupiter:junit-jupiter-engine,undecided
org.hamcrest:hamcrest-core,org.mockito:mockito-all,undecided
org.hamcrest:hamcrest-core,org.mockito:mockito-core,undecided
org.hamcrest:hamcrest-core,org.powermock:powermock-api-mockito,undecided
org.hamcrest:hamcrest-library,com.google.truth:truth,undecided
org.hamcrest:hamcrest-library,org.assertj:assertj-core,undecided
org.hamcrest:hamcrest-library,org.easytesting:fest-assert,undecided
org.hamcrest:hamcrest-library,org.easytesting:fest-assert-core,undecided
org.hamcrest:hamcrest-library,org.hamcrest:hamcrest-core,rename:undecided
org.hibernate.javax.persistence:hibernate-jpa-2.1-api,javax.persistence:javax.persistence-api,undecided
org.hibernate.javax.persistence:hibernate-jpa-2.1-api,org.eclipse.persistence:javax.persistence,undecided
org.hibernate.javax.persistence:hibernate-jpa-2.1-api,org.jboss.spec.javax.servlet:jboss-servlet-api_4.0_spec,undecided
org.hibernate.javax.persistence:hibernate-jpa-2.1-api,org.jboss.spec.javax.ws.rs:jboss-jaxrs-api_2.1_spec,undecided
org.hibernate.validator:hibernate-validator,org.hibernate:hibernate-validator,rename:undecided
org.hibernate:hibernate-annotations,org.hibernate.common:hibernate-commons-annotations,rename:undecided
org.hibernate:hibernate-commons-annotations,org.hibernate.common:hibernate-commons-annotations,rename:undecided
org.hibernate:hibernate-core,org.hibernate.javax.persistence:hibernate-jpa-2.1-api,rename:undecided
org.hibernate:hibernate-core,org.mybatis:mybatis,undecided
org.hibernate:hibernate-core,org.mybatis:mybatis-spring,undecided
org.hibernate:hibernate-ehcache,net.sf.ehcache:ehcache,undecided
org.hibernate:hibernate-ehcache,net.sf.ehcache:ehcache-core,undecided
org.hibernate:hibernate-ehcache,org.ehcache:ehcache,undecided
org.hibernate:hibernate-entitymanager,org.apache.openjpa:openjpa,undecided
org.hibernate:hibernate-entitymanager,org.springframework.boot:spring-boot-starter-data-jpa,undecided
org.hibernate:hibernate-entitymanager,org.springframework.boot:spring-boot-starter-test,undecided
org.hibernate:hibernate-entitymanager,org.springframework.boot:spring-boot-starter-web,undecided
org.hibernate:hibernate-validator,org.hibernate.validator:hibernate-validator,rename:undecided
org.hsqldb:hsqldb,com.h2database:h2,undecided
org.hsqldb:hsqldb,hsqldb:hsqldb,rename:undecided
org.hsqldb:hsqldb,org.apache.derby:derby,undecided
org.hsqldb:hsqldb,org.liquibase:liquibase-core,undecided
org.htmlparser:htmlparser,net.sourceforge.nekohtml:nekohtml,undecided
org.javassist:javassist,asm:asm,undecided
org.javassist:javassist,javassist:javassist,rename:undecided
org.javassist:javassist,org.jboss.classfilewriter:jboss-classfilewriter,undecided
org.javassist:javassist,org.ow2.asm:asm,undecided
org.jboss.arquillian.junit:arquillian-junit-container,org.jboss.arquillian:arquillian-bom,rename:undecided
org.jboss.arquillian.junit:arquillian-junit-container,org.testng:testng,undecided
org.jboss.arquillian.testng:arquillian-testng-container,org.jboss.arquillian.junit:arquillian-junit-container,rename:undecided
org.jboss.as:jboss-as-arquillian-container-managed,org.wildfly.arquillian:wildfly-arquillian-container-managed,undecided
org.jboss.as:jboss-as-arquillian-container-managed,org.wildfly:wildfly-arquillian-container-managed,undecided
org.jboss.logging:jboss-logging,ch.qos.logback:logback-classic,undecided
org.jboss.logging:jboss-logging,org.slf4j:slf4j-api,undecided
org.jboss.netty:netty,io.netty:netty,rename:undecided
org.jboss.netty:netty,io.netty:netty-all,rename:undecided
org.jboss.netty:netty,io.netty:netty-handler,rename:undecided
org.jboss.netty:netty,org.eclipse.jetty.websocket:websocket-api,undecided
org.jboss.netty:netty,org.eclipse.jetty.websocket:websocket-common,undecided
org.jboss.netty:netty,org.eclipse.jetty.websocket:websocket-server,undecided
org.jboss.resteasy:jaxrs-api,com.sun.jersey:jersey-client,undecided
org.jboss.resteasy:jaxrs-api,javax.ws.rs:javax.ws.rs-api,undecided
org.jboss.resteasy:jaxrs-api,javax.ws.rs:jsr311-api,undecided
org.jboss.resteasy:jaxrs-api,org.jboss.spec.javax.annotation:jboss-annotations-api_1.2_spec,undecided
org.jboss.resteasy:jaxrs-api,org.jboss.spec.javax.ejb:jboss-ejb-api_3.1_spec,rename:undecided
org.jboss.resteasy:jaxrs-api,org.jboss.spec.javax.servlet:jboss-servlet-api_3.0_spec,rename:undecided
org.jboss.resteasy:jaxrs-api,org.jboss.spec.javax.servlet:jboss-servlet-api_3.1_spec,rename:undecided
org.jboss.resteasy:jaxrs-api,org.jboss.spec.javax.ws.rs:jboss-jaxrs-api_1.1_spec,rename:undecided
org.jboss.resteasy:jaxrs-api,org.jboss.spec.javax.ws.rs:jboss-jaxrs-api_2.0_spec,rename:undecided
org.jboss.resteasy:jaxrs-api,org.jboss.spec.javax.ws.rs:jboss-jaxrs-api_2.1_spec,rename:undecided
org.jboss.resteasy:resteasy-jackson-provider,com.fasterxml.jackson.core:jackson-annotations,undecided
org.jboss.resteasy:resteasy-jackson-provider,com.fasterxml.jackson.core:jackson-core,undecided
org.jboss.resteasy:resteasy-jackson-provider,com.fasterxml.jackson.core:jackson-databind,undecided
org.jboss.resteasy:resteasy-jackson-provider,com.fasterxml.jackson.jaxrs:jackson-jaxrs-json-provider,undecided
org.jboss.resteasy:resteasy-jackson-provider,org.jboss.spec.javax.ws.rs:jboss-jaxrs-api_2.0_spec,undecided
org.jboss.resteasy:resteasy-jaxrs,com.sun.jersey:jersey-core,undecided
org.jboss.resteasy:resteasy-jaxrs,org.glassfish.jersey.containers:jersey-container-servlet-core,undecided
org.jboss.resteasy:resteasy-jaxrs,org.glassfish.jersey.core:jersey-server,undecided
org.jboss.resteasy:resteasy-jaxrs,org.glassfish.jersey.ext:jersey-spring4,undecided
org.jboss.resteasy:resteasy-jaxrs,org.glassfish.jersey.media:jersey-media-jaxb,undecided
org.jboss.resteasy:resteasy-jaxrs,org.springframework.boot:spring-boot-starter-web,undecided
org.jboss.resteasy:resteasy-jaxrs,org.springframework:spring-webmvc,undecided
org.jboss.shrinkwrap.resolver:shrinkwrap-resolver-impl-maven,org.eclipse.aether:aether-api,undecided
org.jboss.shrinkwrap.resolver:shrinkwrap-resolver-impl-maven,org.eclipse.aether:aether-connector-wagon,undecided
org.jboss.shrinkwrap.resolver:shrinkwrap-resolver-impl-maven,org.eclipse.aether:aether-impl,undecided
org.jboss.shrinkwrap.resolver:shrinkwrap-resolver-impl-maven,org.eclipse.aether:aether-transport-file,undecided
org.jboss.shrinkwrap.resolver:shrinkwrap-resolver-impl-maven,org.eclipse.aether:aether-transport-http,undecided
org.jboss.shrinkwrap:shrinkwrap-api,com.google.jimfs:jimfs,undecided
org.jboss.shrinkwrap:shrinkwrap-api,org.jboss.shrinkwrap.resolver:shrinkwrap-resolver-depchain,rename:undecided
org.jboss.spec.javax.ejb:jboss-ejb-api_3.1_spec,org.jboss.spec.javax.annotation:jboss-annotations-api_1.2_spec,rename:undecided
org.jboss.spec.javax.ejb:jboss-ejb-api_3.1_spec,org.jboss.spec.javax.el:jboss-el-api_3.0_spec,rename:undecided
org.jboss.spec.javax.ejb:jboss-ejb-api_3.1_spec,org.jboss.spec.javax.faces:jboss-jsf-api_2.2_spec,rename:undecided
org.jboss.spec.javax.ejb:jboss-ejb-api_3.1_spec,org.jboss.spec.javax.servlet:jboss-servlet-api_3.1_spec,rename:undecided
org.jboss.spec.javax.ejb:jboss-ejb-api_3.1_spec,org.jboss.spec.javax.transaction:jboss-transaction-api_1.2_spec,rename:undecided
org.jboss.spec.javax.ejb:jboss-ejb-api_3.1_spec,org.jboss.spec.javax.ws.rs:jboss-jaxrs-api_2.0_spec,rename:undecided
org.jboss.spec.javax.ejb:jboss-ejb-api_3.1_spec,org.wildfly.arquillian:wildfly-arquillian-container-managed,undecided
org.jboss.spec.javax.servlet:jboss-servlet-api_3.0_spec,io.undertow:undertow-servlet,undecided
org.jboss.spec.javax.servlet:jboss-servlet-api_3.0_spec,io.undertow:undertow-websockets-jsr,undecided
org.jboss.spec.javax.servlet:jboss-servlet-api_3.0_spec,javax.servlet:servlet-api,undecided
org.jboss.spec.javax.servlet:jboss-servlet-api_3.0_spec,org.jboss.spec.javax.el:jboss-el-api_3.0_spec,rename:undecided
org.jboss.spec.javax.servlet:jboss-servlet-api_3.0_spec,org.jboss.spec.javax.faces:jboss-jsf-api_2.2_spec,rename:undecided
org.jboss.spec.javax.servlet:jboss-servlet-api_3.0_spec,org.jboss.spec.javax.transaction:jboss-transaction-api_1.2_spec,rename:undecided
org.jboss.spec.javax.servlet:jboss-servlet-api_3.0_spec,org.jboss.spec.javax.ws.rs:jboss-jaxrs-api_2.0_spec,rename:undecided
org.jboss.spec:jboss-javaee-6.0,org.hibernate.javax.persistence:hibernate-jpa-2.1-api,undecided
org.jboss.spec:jboss-javaee-6.0,org.jboss.spec.javax.transaction:jboss-transaction-api_1.2_spec,rename:undecided
org.jboss.weld:weld-core,org.jboss.weld.se:weld-se-core,rename:undecided
org.jdom:jdom,jaxen:jaxen,undecided
org.jdom:jdom,org.jdom:jdom2,rename:undecided
org.jdom:jdom2,org.apache.servicemix.bundles:org.apache.servicemix.bundles.jdom,undecided
org.jline:jline,jline:jline,rename:undecided
org.jmock:jmock,org.easymock:easymock,undecided
org.jmock:jmock,org.hamcrest:hamcrest-all,undecided
org.jmock:jmock,org.mockito:mockito-all,undecided
org.jmock:jmock,org.mockito:mockito-core,undecided
org.jmock:jmock-junit4,org.hamcrest:hamcrest-all,undecided
org.jmock:jmock-junit4,org.mockito:mockito-all,undecided
org.jmock:jmock-junit4,org.mockito:mockito-core,undecided
org.jmockit:jmockit,org.mockito:mockito-core,undecided
org.json:json,com.alibaba:fastjson,undecided
org.json:json,com.fasterxml.jackson.core:jackson-annotations,undecided
org.json:json,com.fasterxml.jackson.core:jackson-core,undecided
org.json:json,com.fasterxml.jackson.core:jackson-databind,undecided
org.json:json,com.fasterxml.jackson.dataformat:jackson-dataformat-xml,undecided
org.json:json,com.google.code.gson:gson,undecided
org.json:json,com.googlecode.json-simple:json-simple,undecided
org.json:json,org.apache.felix:org.apache.felix.utils,undecided
org.json:json,org.apache.johnzon:johnzon-core,undecided
org.json:json,org.codehaus.jackson:jackson-mapper-asl,undecided
org.json:json,org.codehaus.jackson:jackson-xc,undecided
org.json:json,org.codehaus.jettison:jettison,undecided
org.json:json,org.springframework.boot:spring-boot-starter-json,undecided
org.jsoup:jsoup,net.htmlparser.jericho:jericho-html,undecided
org.junit.jupiter:junit-jupiter-api,junit:junit,rename:undecided
org.junit.jupiter:junit-jupiter-api,org.junit.platform:junit-platform-runner,rename:downgrade
org.junit.jupiter:junit-jupiter-api,org.junit.vintage:junit-vintage-engine,rename:undecided
org.junit.jupiter:junit-jupiter-api,org.scalatest:scalatest_2.12,undecided
org.junit.jupiter:junit-jupiter-api,org.testng:testng,undecided
org.junit.jupiter:junit-jupiter-engine,junit:junit,rename:undecided
org.junit.jupiter:junit-jupiter-engine,org.junit.vintage:junit-vintage-engine,rename:undecided
org.junit.jupiter:junit-jupiter-engine,org.junit:junit-bom,rename:undecided
org.junit.jupiter:junit-jupiter-params,junit:junit,rename:undecided
org.junit.jupiter:junit-jupiter-params,org.junit:junit-bom,rename:undecided
org.junit.platform:junit-platform-launcher,junit:junit,rename:undecided
org.junit.platform:junit-platform-launcher,org.junit.jupiter:junit-jupiter,rename:upgrade
org.junit.platform:junit-platform-surefire-provider,junit:junit,rename:undecided
org.junit.vintage:junit-vintage-engine,ch.qos.logback:logback-classic,undecided
org.junit.vintage:junit-vintage-engine,junit:junit,rename:undecided
org.junit.vintage:junit-vintage-engine,org.assertj:assertj-core,undecided
org.junit.vintage:junit-vintage-engine,org.hamcrest:hamcrest-all,undecided
org.junit.vintage:junit-vintage-engine,org.junit.jupiter:junit-jupiter-api,rename:undecided
org.junit.vintage:junit-vintage-engine,org.junit.jupiter:junit-jupiter-engine,rename:undecided
org.junit.vintage:junit-vintage-engine,org.junit.jupiter:junit-jupiter-migrationsupport,rename:undecided
org.junit.vintage:junit-vintage-engine,org.junit.jupiter:junit-jupiter-params,rename:undecided
org.junit.vintage:junit-vintage-engine,org.junit.platform:junit-platform-launcher,rename:downgrade
org.junit.vintage:junit-vintage-engine,org.junit.platform:junit-platform-runner,rename:downgrade
org.junit.vintage:junit-vintage-engine,org.mockito:mockito-junit-jupiter,undecided
org.lwjgl.lwjgl:lwjgl,org.lwjgl:lwjgl,rename:upgrade
org.mariadb.jdbc:mariadb-java-client,org.postgresql:postgresql,undecided
org.mockito:mockito-all,org.codehaus.sonar:sonar-testing-harness,undecided
org.mockito:mockito-all,org.hamcrest:hamcrest,undecided
org.mockito:mockito-all,org.hamcrest:hamcrest-all,undecided
org.mockito:mockito-all,org.hamcrest:hamcrest-core,undecided
org.mockito:mockito-all,org.hamcrest:hamcrest-library,undecided
org.mockito:mockito-all,org.hamcrest:java-hamcrest,undecided
org.mockito:mockito-all,org.jmock:jmock,undecided
org.mockito:mockito-all,org.junit.jupiter:junit-jupiter-api,undecided
org.mockito:mockito-all,org.junit.jupiter:junit-jupiter-engine,undecided
org.mockito:mockito-all,org.junit.jupiter:junit-jupiter-params,undecided
org.mockito:mockito-all,org.mockito:mockito-core,rename:undecided
org.mockito:mockito-all,org.powermock:powermock-api-mockito,undecided
org.mockito:mockito-all,org.powermock:powermock-core,undecided
org.mockito:mockito-all,org.powermock:powermock-module-junit4,undecided
org.mockito:mockito-core,org.jmock:jmock-junit4,undecided
org.mockito:mockito-core,org.powermock:powermock-api-mockito,undecided
org.mockito:mockito-core,org.powermock:powermock-core,undecided
org.mockito:mockito-core,org.powermock:powermock-module-junit4,undecided
org.mockito:mockito-core,org.springframework.boot:spring-boot-starter-logging,undecided
org.mockito:mockito-core,org.springframework.boot:spring-boot-starter-test,undecided
org.mongodb:mongo-java-driver,org.hsqldb:hsqldb,undecided
org.mongodb:mongo-java-driver,org.springframework.boot:spring-boot-starter-data-mongodb,undecided
org.mortbay.jetty:jetty,javax.servlet:javax.servlet-api,undecided
org.mortbay.jetty:jetty,org.eclipse.jetty.aggregate:jetty-all,rename:undecided
org.mortbay.jetty:jetty,org.eclipse.jetty.aggregate:jetty-all-server,rename:undecided
org.mortbay.jetty:jetty,org.eclipse.jetty:jetty-continuation,rename:undecided
org.mortbay.jetty:jetty,org.eclipse.jetty:jetty-deploy,rename:undecided
org.mortbay.jetty:jetty,org.eclipse.jetty:jetty-http,rename:undecided
org.mortbay.jetty:jetty,org.eclipse.jetty:jetty-io,rename:undecided
org.mortbay.jetty:jetty,org.eclipse.jetty:jetty-jmx,rename:undecided
org.mortbay.jetty:jetty,org.eclipse.jetty:jetty-jsp,rename:undecided
org.mortbay.jetty:jetty,org.eclipse.jetty:jetty-jsp-2.1,rename:undecided
org.mortbay.jetty:jetty,org.eclipse.jetty:jetty-plus,rename:undecided
org.mortbay.jetty:jetty,org.eclipse.jetty:jetty-security,rename:undecided
org.mortbay.jetty:jetty,org.eclipse.jetty:jetty-server,rename:undecided
org.mortbay.jetty:jetty,org.eclipse.jetty:jetty-servlet,rename:undecided
org.mortbay.jetty:jetty,org.eclipse.jetty:jetty-servlets,rename:undecided
org.mortbay.jetty:jetty,org.eclipse.jetty:jetty-util,rename:undecided
org.mortbay.jetty:jetty,org.eclipse.jetty:jetty-util-ajax,rename:undecided
org.mortbay.jetty:jetty,org.eclipse.jetty:jetty-webapp,rename:undecided
org.mortbay.jetty:jetty,org.eclipse.jetty:jetty-xml,rename:undecided
org.mortbay.jetty:jetty,org.jboss.errai:errai-cdi-jboss,undecided
org.mortbay.jetty:jetty-util,javax.servlet:servlet-api,undecided
org.mortbay.jetty:jetty-util,org.eclipse.jetty.aggregate:jetty-all-server,rename:undecided
org.mortbay.jetty:jetty-util,org.eclipse.jetty.orbit:javax.servlet,rename:undecided
org.mortbay.jetty:jetty-util,org.eclipse.jetty:jetty-continuation,rename:undecided
org.mortbay.jetty:jetty-util,org.eclipse.jetty:jetty-deploy,rename:undecided
org.mortbay.jetty:jetty-util,org.eclipse.jetty:jetty-http,rename:undecided
org.mortbay.jetty:jetty-util,org.eclipse.jetty:jetty-io,rename:undecided
org.mortbay.jetty:jetty-util,org.eclipse.jetty:jetty-jmx,rename:undecided
org.mortbay.jetty:jetty-util,org.eclipse.jetty:jetty-jsp,rename:undecided
org.mortbay.jetty:jetty-util,org.eclipse.jetty:jetty-plus,rename:undecided
org.mortbay.jetty:jetty-util,org.eclipse.jetty:jetty-security,rename:undecided
org.mortbay.jetty:jetty-util,org.eclipse.jetty:jetty-server,rename:undecided
org.mortbay.jetty:jetty-util,org.eclipse.jetty:jetty-servlet,rename:undecided
org.mortbay.jetty:jetty-util,org.eclipse.jetty:jetty-servlets,rename:undecided
org.mortbay.jetty:jetty-util,org.eclipse.jetty:jetty-util,rename:undecided
org.mortbay.jetty:jetty-util,org.eclipse.jetty:jetty-util-ajax,rename:undecided
org.mortbay.jetty:jetty-util,org.eclipse.jetty:jetty-webapp,rename:undecided
org.mortbay.jetty:jetty-util,org.eclipse.jetty:jetty-xml,rename:undecided
org.mybatis.spring.boot:mybatis-spring-boot-starter,com.baomidou:mybatis-plus-boot-starter,undecided
org.mybatis.spring.boot:mybatis-spring-boot-starter,com.baomidou:mybatis-plus-generator,undecided
org.mybatis.spring.boot:mybatis-spring-boot-starter,org.springframework.boot:spring-boot-starter-data-jpa,undecided
org.mybatis.spring.boot:mybatis-spring-boot-starter,tk.mybatis:mapper-spring-boot-starter,undecided
org.mybatis:mybatis,com.baomidou:mybatis-plus-boot-starter,undecided
org.mybatis:mybatis,com.baomidou:mybatis-plus-extension,undecided
org.mybatis:mybatis,com.baomidou:mybatis-plus-generator,undecided
org.mybatis:mybatis,org.mybatis.generator:mybatis-generator-core,rename:undecided
org.mybatis:mybatis,org.mybatis.spring.boot:mybatis-spring-boot-starter,rename:undecided
org.mybatis:mybatis-spring,org.hibernate:hibernate-validator,undecided
org.mybatis:mybatis-spring,org.mybatis.spring.boot:mybatis-spring-boot-starter,rename:undecided
org.mybatis:mybatis-spring,tk.mybatis:mapper-spring-boot-starter,undecided
org.neo4j:neo4j,org.neo4j.test:neo4j-harness,rename:undecided
org.osgi:org.osgi.core,org.apache.felix:org.apache.felix.framework,undecided
org.osgi:org.osgi.core,org.apache.karaf:org.apache.karaf.main,undecided
org.ow2.asm:asm,asm:asm,rename:downgrade
org.ow2.asm:asm,asm:asm-commons,rename:downgrade
org.ow2.asm:asm-all,asm:asm-all,rename:undecided
org.ow2.asm:asm-commons,asm:asm,rename:downgrade
org.ow2.asm:asm-commons,asm:asm-commons,rename:downgrade
org.parboiled:parboiled-java,org.antlr:antlr4-runtime,undecided
org.postgresql:postgresql,mysql:mysql-connector-java,undecided
org.postgresql:postgresql,org.mariadb.jdbc:mariadb-java-client,undecided
org.postgresql:postgresql,org.xerial:sqlite-jdbc,undecided
org.powermock:powermock-api-easymock,org.powermock:powermock-api-mockito,rename:undecided
org.powermock:powermock-api-mockito,com.fasterxml.jackson.core:jackson-core,undecided
org.powermock:powermock-api-mockito,com.fasterxml.jackson.core:jackson-databind,undecided
org.powermock:powermock-api-mockito,org.hamcrest:hamcrest,undecided
org.powermock:powermock-api-mockito,org.jmockit:jmockit,undecided
org.powermock:powermock-api-mockito,org.mockito:mockito-all,undecided
org.powermock:powermock-api-mockito,org.mockito:mockito-core,undecided
org.powermock:powermock-api-mockito,org.powermock:powermock-api-mockito2,undecided
org.powermock:powermock-module-junit4,com.fasterxml.jackson.core:jackson-databind,undecided
org.powermock:powermock-module-junit4,org.mockito:mockito-all,undecided
org.powermock:powermock-module-junit4,org.mockito:mockito-core,undecided
org.powermock:powermock-module-junit4,org.springframework.boot:spring-boot-starter-test,undecided
org.projectlombok:lombok,org.jetbrains.kotlin:kotlin-stdlib,undecided
org.projectlombok:lombok,org.jetbrains.kotlin:kotlin-stdlib-jdk8,undecided
org.projectlombok:lombok,org.jetbrains.kotlin:kotlin-test,undecided
org.reflections:reflections,com.puppycrawl.tools:checkstyle,undecided
org.reflections:reflections,eu.infomas:annotation-detector,undecided
org.reflections:reflections,io.github.lukehutch:fast-classpath-scanner,undecided
org.scannotation:scannotation,javassist:javassist,undecided
org.scribe:scribe,com.github.scribejava:scribejava-apis,rename:undecided
org.seleniumhq.selenium:selenium-api,org.jboss.arquillian.selenium:selenium-bom,undecided
org.seleniumhq.selenium:selenium-java,org.jboss.arquillian.selenium:selenium-bom,undecided
org.seleniumhq.selenium:selenium-server,org.jboss.arquillian.selenium:selenium-bom,undecided
org.simpleframework:simple-xml,com.fasterxml.jackson.core:jackson-annotations,undecided
org.simpleframework:simple-xml,com.fasterxml.jackson.core:jackson-core,undecided
org.simpleframework:simple-xml,com.fasterxml.jackson.core:jackson-databind,undecided
org.simpleframework:simple-xml,com.fasterxml.jackson.dataformat:jackson-dataformat-xml,undecided
org.simpleframework:simple-xml,com.fasterxml.jackson.datatype:jackson-datatype-joda,undecided
org.slf4j:jcl-over-slf4j,ch.qos.logback:logback-classic,undecided
org.slf4j:jcl-over-slf4j,ch.qos.logback:logback-core,undecided
org.slf4j:jcl-over-slf4j,com.fasterxml.jackson.core:jackson-databind,undecided
org.slf4j:jcl-over-slf4j,log4j:log4j,undecided
org.slf4j:jcl-over-slf4j,org.apache.logging.log4j:log4j-api,undecided
org.slf4j:jcl-over-slf4j,org.apache.logging.log4j:log4j-core,undecided
org.slf4j:jcl-over-slf4j,org.apache.logging.log4j:log4j-slf4j-impl,undecided
org.slf4j:jul-to-slf4j,org.apache.logging.log4j:log4j-jul,undecided
org.slf4j:log4j-over-slf4j,ch.qos.logback:logback-classic,undecided
org.slf4j:log4j-over-slf4j,commons-logging:commons-logging,undecided
org.slf4j:log4j-over-slf4j,log4j:log4j,undecided
org.slf4j:log4j-over-slf4j,org.apache.logging.log4j:log4j-1.2-api,undecided
org.slf4j:log4j-over-slf4j,org.apache.logging.log4j:log4j-api,undecided
org.slf4j:log4j-over-slf4j,org.apache.logging.log4j:log4j-core,undecided
org.slf4j:log4j-over-slf4j,org.apache.logging.log4j:log4j-slf4j-impl,undecided
org.slf4j:log4j-over-slf4j,org.apache.logging.log4j:log4j-to-slf4j,undecided
org.slf4j:slf4j-android,com.github.tony19:logback-android-classic,undecided
org.slf4j:slf4j-api,ch.qos.logback:logback-classic,undecided
org.slf4j:slf4j-api,commons-logging:commons-logging,undecided
org.slf4j:slf4j-api,io.airlift:log,undecided
org.slf4j:slf4j-api,log4j:log4j,undecided
org.slf4j:slf4j-api,org.apache.logging.log4j:log4j-api,undecided
org.slf4j:slf4j-api,org.apache.logging.log4j:log4j-core,undecided
org.slf4j:slf4j-api,org.apache.logging.log4j:log4j-slf4j-impl,undecided
org.slf4j:slf4j-api,org.jboss.logging:jboss-logging,undecided
org.slf4j:slf4j-api,org.jboss.logging:jboss-logging-annotations,undecided
org.slf4j:slf4j-ext,org.jboss.logging:jboss-logging,undecided
org.slf4j:slf4j-ext,org.jboss.logging:jboss-logging-processor,undecided
org.slf4j:slf4j-ext,org.jboss.logmanager:jboss-logmanager,undecided
org.slf4j:slf4j-jcl,ch.qos.logback:logback-classic,undecided
org.slf4j:slf4j-jcl,org.apache.logging.log4j:log4j-slf4j-impl,undecided
org.slf4j:slf4j-jdk14,ch.qos.logback:logback-classic,undecided
org.slf4j:slf4j-jdk14,ch.qos.logback:logback-core,undecided
org.slf4j:slf4j-jdk14,log4j:log4j,undecided
org.slf4j:slf4j-jdk14,org.apache.logging.log4j:log4j-api,undecided
org.slf4j:slf4j-jdk14,org.apache.logging.log4j:log4j-core,undecided
org.slf4j:slf4j-jdk14,org.apache.logging.log4j:log4j-slf4j-impl,undecided
org.slf4j:slf4j-jdk14,org.hibernate:hibernate-core,undecided
org.slf4j:slf4j-jdk14,org.jboss.logging:jboss-logging,undecided
org.slf4j:slf4j-jdk14,org.jboss.logging:jboss-logging-processor,undecided
org.slf4j:slf4j-jdk14,org.jboss.logmanager:jboss-logmanager,undecided
org.slf4j:slf4j-log4j12,ch.qos.logback:logback-classic,undecided
org.slf4j:slf4j-log4j12,ch.qos.logback:logback-core,undecided
org.slf4j:slf4j-log4j12,commons-logging:commons-logging,undecided
org.slf4j:slf4j-log4j12,log4j:log4j,undecided
org.slf4j:slf4j-log4j12,org.apache.logging.log4j:log4j-1.2-api,undecided
org.slf4j:slf4j-log4j12,org.apache.logging.log4j:log4j-api,undecided
org.slf4j:slf4j-log4j12,org.apache.logging.log4j:log4j-core,undecided
org.slf4j:slf4j-log4j12,org.apache.logging.log4j:log4j-jcl,undecided
org.slf4j:slf4j-log4j12,org.apache.logging.log4j:log4j-slf4j-impl,undecided
org.slf4j:slf4j-log4j12,org.apache.logging.log4j:log4j-web,undecided
org.slf4j:slf4j-nop,ch.qos.logback:logback-classic,undecided
org.slf4j:slf4j-nop,org.apache.logging.log4j:log4j-api,undecided
org.slf4j:slf4j-simple,ch.qos.logback:logback-classic,undecided
org.slf4j:slf4j-simple,ch.qos.logback:logback-core,undecided
org.slf4j:slf4j-simple,commons-logging:commons-logging,undecided
org.slf4j:slf4j-simple,log4j:log4j,undecided
org.slf4j:slf4j-simple,org.apache.logging.log4j:log4j-api,undecided
org.slf4j:slf4j-simple,org.apache.logging.log4j:log4j-core,undecided
org.slf4j:slf4j-simple,org.apache.logging.log4j:log4j-slf4j-impl,undecided
org.slf4j:slf4j-simple,org.jboss.logging:jboss-logging,undecided
org.sonatype.jline:jline,jline:jline,rename:undecided
org.sonatype.jline:jline,org.fusesource.jansi:jansi,undecided
org.sonatype.sisu:sisu-guice,com.google.inject.extensions:guice-assistedinject,undecided
org.sonatype.sisu:sisu-guice,com.google.inject.extensions:guice-multibindings,undecided
org.sonatype.sisu:sisu-guice,com.google.inject:guice,undecided
org.springframework.boot:spring-boot-starter,org.springframework.cloud:spring-cloud-dependencies,rename:undecided
org.springframework.boot:spring-boot-starter-amqp,org.springframework.cloud:spring-cloud-starter-stream-rabbit,rename:undecided
org.springframework.boot:spring-boot-starter-aop,org.springframework:spring-aop,rename:undecided
org.springframework.boot:spring-boot-starter-data-jpa,com.baomidou:mybatis-plus-boot-starter,rename:undecided
org.springframework.boot:spring-boot-starter-data-jpa,com.github.pagehelper:pagehelper,undecided
org.springframework.boot:spring-boot-starter-data-jpa,tk.mybatis:mapper,undecided
org.springframework.boot:spring-boot-starter-data-mongodb,mysql:mysql-connector-java,undecided
org.springframework.boot:spring-boot-starter-data-redis,org.springframework.data:spring-data-redis,rename:undecided
org.springframework.boot:spring-boot-starter-log4j2,ch.qos.logback:logback-classic,undecided
org.springframework.boot:spring-boot-starter-log4j2,org.apache.logging.log4j:log4j-api,undecided
org.springframework.boot:spring-boot-starter-logging,commons-logging:commons-logging,undecided
org.springframework.boot:spring-boot-starter-redis,org.springframework.cloud:spring-cloud-starter-stream-rabbit,rename:undecided
org.springframework.boot:spring-boot-starter-security,org.springframework.security:spring-security-config,rename:undecided
org.springframework.boot:spring-boot-starter-thymeleaf,org.thymeleaf.extras:thymeleaf-extras-springsecurity4,undecided
org.springframework.boot:spring-boot-starter-thymeleaf,org.thymeleaf:thymeleaf,undecided
org.springframework.boot:spring-boot-starter-thymeleaf,org.thymeleaf:thymeleaf-spring4,undecided
org.springframework.boot:spring-boot-starter-web,org.springframework:spring-web,rename:undecided
org.springframework.boot:spring-boot-starter-websocket,org.springframework:spring-messaging,rename:undecided
org.springframework.boot:spring-boot-starter-websocket,org.springframework:spring-webmvc,rename:undecided
org.springframework.boot:spring-boot-starter-websocket,org.springframework:spring-websocket,rename:undecided
org.springframework.boot:spring-boot-test,org.junit.platform:junit-platform-commons,undecided
org.springframework.data:spring-data-jpa,org.springframework.boot:spring-boot-starter-data-jpa,rename:undecided
org.springframework.data:spring-data-redis,org.springframework.boot:spring-boot-starter-data-redis,rename:undecided
org.springframework.hateoas:spring-hateoas,org.springframework.boot:spring-boot-starter-hateoas,rename:undecided
org.springframework.kafka:spring-kafka,org.apache.kafka:kafka-clients,undecided
org.springframework.security.oauth:spring-security-oauth2,io.jsonwebtoken:jjwt,undecided
org.springframework.security.oauth:spring-security-oauth2,org.springframework.cloud:spring-cloud-security,rename:undecided
org.springframework.security.oauth:spring-security-oauth2,org.springframework.cloud:spring-cloud-starter-oauth2,rename:undecided
org.springframework:spring-aop,org.springframework.boot:spring-boot-starter-aop,rename:undecided
org.springframework:spring-jdbc,org.springframework.boot:spring-boot-starter-jdbc,rename:undecided
org.springframework:spring-oxm,com.fasterxml.jackson.dataformat:jackson-dataformat-xml,undecided
org.springframework:spring-web,org.springframework.boot:spring-boot-starter-web,rename:undecided
org.springframework:spring-webmvc,org.springframework.boot:spring-boot-starter-thymeleaf,rename:undecided
org.springframework:spring-webmvc,org.springframework.boot:spring-boot-starter-web,rename:undecided
org.swinglabs:swingx,net.java.dev.glazedlists:glazedlists_java15,undecided
org.swinglabs:swingx,org.swinglabs.swingx:swingx-all,rename:upgrade
org.testng:testng,com.tngtech.java:junit-dataprovider,undecided
org.testng:testng,junit:junit,undecided
org.testng:testng,org.apache.lucene:lucene-test-framework,undecided
org.testng:testng,org.jboss.arquillian.junit:arquillian-junit-container,undecided
org.testng:testng,org.jboss.arquillian:arquillian-junit,undecided
org.testng:testng,org.junit.jupiter:junit-jupiter-api,undecided
org.testng:testng,org.junit.jupiter:junit-jupiter-engine,undecided
org.testng:testng,org.junit.vintage:junit-vintage-engine,undecided
org.testng:testng,org.springframework.boot:spring-boot-starter-test,undecided
org.thymeleaf:thymeleaf,org.springframework.boot:spring-boot-starter-thymeleaf,undecided
org.tuckey:urlrewritefilter,org.ocpsoft.rewrite:rewrite-servlet,undecided
org.webjars:bootstrap,de.agilecoders.wicket:wicket-bootstrap-core,undecided
org.xerial.snappy:snappy-java,org.iq80.snappy:snappy,rename:undecided
org.xerial:sqlite-jdbc,com.h2database:h2,undecided
org.xerial:sqlite-jdbc,javax.servlet:javax.servlet-api,undecided
org.xerial:sqlite-jdbc,org.postgresql:postgresql,undecided
org.yaml:snakeyaml,com.fasterxml.jackson.dataformat:jackson-dataformat-yaml,undecided
pdfbox:pdfbox,org.apache.pdfbox:pdfbox,rename:upgrade
postgresql:postgresql,com.impossibl.pgjdbc-ng:pgjdbc-ng,undecided
postgresql:postgresql,mysql:mysql-connector-java,undecided
postgresql:postgresql,org.hsqldb:hsqldb,undecided
postgresql:postgresql,org.postgresql:postgresql,rename:undecided
redis.clients:jedis,io.lettuce:lettuce-core,undecided
redis.clients:jedis,org.springframework.boot:spring-boot-starter-data-redis,undecided
redis.clients:jedis,org.springframework.boot:spring-boot-starter-redis,undecided
rhino:js,org.mozilla:rhino,undecided
rome:rome,com.rometools:rome,rename:undecided
rome:rome,jaxen:jaxen,undecided
rome:rome,org.apache.httpcomponents:httpclient,undecided
rome:rome,xom:xom,undecided
saxon:saxon,net.sf.saxon:Saxon-HE,undecided
stax:stax-api,javax.xml.stream:stax-api,undecided
stax:stax-api,org.apache.geronimo.specs:geronimo-stax-api_1.0_spec,undecided
stax:stax-api,org.codehaus.woodstox:woodstox-core-asl,undecided
taglibs:standard,org.apache.taglibs:taglibs-standard-impl,rename:upgrade
taglibs:standard,org.apache.taglibs:taglibs-standard-jstlel,rename:upgrade
taglibs:standard,org.apache.taglibs:taglibs-standard-spec,rename:upgrade
velocity:velocity,org.apache.velocity:velocity,rename:undecided
velocity:velocity,org.apache.velocity:velocity-tools,rename:undecided
woodstox:wstx-asl,org.codehaus.woodstox:wstx-asl,rename:upgrade
xalan:xalan,net.sourceforge.saxon:saxon,undecided
xerces:xerces,xerces:xercesImpl,undecided
xerces:xercesImpl,org.simpleframework:simple-xml,undecided
xmlunit:xmlunit,org.xmlunit:xmlunit-core,rename:undecided
xstream:xstream,com.thoughtworks.xstream:xstream,rename:undecided
